PlayerA_name,PlayerB_name,Year,Day,best_of,draw_size,round,minutes,PlayerA_id,PlayerB_id,PlayerA_FR,PlayerB_FR,PlayerA_righthanded,PlayerB_righthanded,PlayerA_height,PlayerA_age,PlayerA_rank,PlayerA_rank_points,PlayerA_ace,PlayerA_df,PlayerA_svpt,PlayerA_1stIn,PlayerA_1stWon,PlayerA_2ndWon,PlayerA_SvGms,PlayerA_bpSaved,PlayerA_bpFaced,PlayerB_height,PlayerB_age,PlayerB_rank,PlayerB_rank_points,PlayerB_ace,PlayerB_df,PlayerB_svpt,PlayerB_1stIn,PlayerB_1stWon,PlayerB_2ndWon,PlayerB_SvGms,PlayerB_bpSaved,PlayerB_bpFaced,PlayerA Win,surface_Carpet,surface_Clay,surface_Grass,surface_Hard
Kei Nishikori,Jeremy Chardy,2019,31,0,32,0,66,0,0,0,0,1,1,0,28.717316999999998,0,0,10,3,46,27,15,6,8,1,5,0,31.537303,0,0,2,2,47,33,26,9,8,2,2,1,0,0,0,1
Jo Wilfried Tsonga,Jeremy Chardy,2019,4,0,28,0,164,0,0,0,0,1,1,0,33.418207,0,0,18,3,103,61,54,27,17,3,3,0,31.537303,0,0,8,9,127,75,58,30,17,12,13,1,0,1,0,0
Andreas Seppi,Jeremy Chardy,2019,31,0,28,0,111,0,0,0,0,1,1,0,34.513346999999996,0,0,12,6,79,43,28,19,15,1,5,0,31.537303,0,0,9,5,95,48,40,19,15,10,14,1,0,0,0,1
Alexander Zverev,Jeremy Chardy,2019,7,0,28,0,226,0,0,0,0,1,1,0,21.352498,0,0,29,13,167,116,94,25,27,10,13,0,31.537303,0,0,14,3,173,118,86,29,26,12,17,1,0,0,0,1
Kei Nishikori,Grigor Dimitrov,2019,31,0,32,0,100,0,0,0,0,1,1,0,28.717316999999998,0,0,8,5,80,53,37,13,12,6,9,0,27.282683000000002,0,0,5,2,59,47,37,9,12,0,1,1,0,0,0,1
Kei Nishikori,Denis Kudla,2019,31,0,32,0,79,0,0,0,0,1,1,0,28.717316999999998,0,0,5,3,60,36,26,8,10,4,7,0,26.02601,0,0,7,2,56,32,27,15,10,0,0,1,0,0,0,1
Diego Sebastian Schwartzman,Denis Kudla,2019,7,0,28,0,230,0,0,0,0,1,1,0,26.028747,0,0,11,5,176,119,82,24,26,7,14,0,26.02601,0,0,17,6,177,108,73,29,27,10,19,1,0,0,0,1
Guillermo Garcia Lopez,Denis Kudla,2019,31,0,28,0,95,0,0,0,0,1,1,0,35.211498999999996,0,0,6,6,61,29,19,13,11,3,8,0,26.02601,0,0,3,1,77,45,29,16,11,6,9,1,0,0,0,1
Pierre Hugues Herbert,Denis Kudla,2019,4,0,28,0,56,0,0,0,0,1,1,0,27.444215999999997,0,0,7,1,39,22,18,14,8,0,0,0,26.02601,0,0,2,2,49,27,16,8,7,3,7,1,0,1,0,0
Ricardas Berankis,Denis Kudla,2019,18,0,32,0,74,0,0,0,0,1,1,0,28.106776,0,0,0,2,61,39,25,5,8,5,9,0,26.02601,0,0,3,0,51,30,21,14,9,0,1,1,0,0,0,1
Mikhail Kukushkin,Denis Kudla,2019,18,0,32,0,80,0,0,0,0,1,1,0,30.726899,0,0,4,4,63,34,25,12,9,4,7,0,26.02601,0,0,6,1,65,52,39,6,9,7,7,1,0,1,0,0
Bernard Tomic,Denis Kudla,2019,20,0,96,0,105,0,0,0,0,1,1,0,24.678987,0,0,11,3,81,53,37,13,12,2,4,0,26.02601,0,0,4,8,97,53,36,23,12,5,8,1,0,0,0,1
Kei Nishikori,Pablo Carreno Busta,2019,7,0,28,0,305,0,0,0,0,1,1,0,28.717316999999998,0,0,15,2,207,127,93,34,28,8,14,0,27.164956,0,0,5,2,219,153,95,34,28,15,21,1,0,0,0,1
Kei Nishikori,Joao Sousa,2019,7,0,28,0,126,0,0,0,0,1,1,0,28.717316999999998,0,0,3,3,80,52,40,20,14,1,2,0,29.409993,0,0,9,1,88,49,36,15,13,2,7,1,0,0,0,1
Kevin Anderson,Joao Sousa,2019,7,0,96,0,108,0,0,0,0,1,1,0,32.276523,0,0,13,1,70,44,33,18,11,1,1,0,29.409993,0,0,1,0,76,52,36,13,11,3,4,1,0,0,0,1
Pablo Cuevas,Joao Sousa,2019,11,0,28,0,99,0,0,0,0,1,1,0,32.555784,0,0,1,5,79,46,34,14,11,7,9,0,29.409993,0,0,1,1,68,36,24,15,11,0,4,1,0,0,0,1
Kei Nishikori,Ivo Karlovic,2019,7,0,28,0,228,0,0,0,0,1,1,0,28.717316999999998,0,0,9,2,158,121,96,26,29,3,5,0,39.282683,0,0,59,3,170,128,100,26,28,5,6,1,0,0,0,1
Kevin Anderson,Ivo Karlovic,2019,31,0,28,0,164,0,0,0,0,1,1,0,32.276523,0,0,21,6,104,65,57,26,18,0,0,0,39.282683,0,0,36,4,118,83,74,16,18,8,8,1,0,0,0,1
Dominic Thiem,Ivo Karlovic,2019,25,0,28,0,58,0,0,0,0,1,1,0,25.037645,0,0,6,2,46,28,23,9,9,2,4,0,39.282683,0,0,4,0,47,41,35,5,10,0,0,1,0,1,0,0
Ryan Harrison,Ivo Karlovic,2019,20,0,96,0,57,0,0,0,0,1,1,0,26.30527,0,0,3,1,47,31,27,13,10,0,0,0,39.282683,0,0,11,5,53,35,28,8,9,3,5,1,0,0,0,1
Marcel Granollers,Ivo Karlovic,2019,4,0,28,0,130,0,0,0,0,1,1,0,31.071869,0,0,11,3,112,77,64,27,18,2,2,0,39.282683,0,0,27,5,106,66,59,25,18,0,0,1,0,1,0,0
Pablo Andujar,Ivo Karlovic,2019,7,0,96,0,90,0,0,0,0,1,1,0,30.042437,0,0,0,4,70,47,38,14,11,1,1,0,39.282683,0,0,14,4,70,42,32,16,11,2,3,1,0,0,0,1
Kei Nishikori,Ernests Gulbis,2019,4,0,28,0,74,0,0,0,0,1,1,0,28.717316999999998,0,0,1,2,47,27,19,15,9,0,1,0,27.824778000000002,0,0,4,2,48,24,14,10,8,2,6,1,0,0,0,1
Ivo Karlovic,Ernests Gulbis,2019,31,0,28,0,105,0,0,0,0,1,1,0,39.282683,0,0,25,4,83,60,51,12,12,3,3,0,27.824778000000002,0,0,10,3,78,45,40,18,12,0,0,1,0,0,0,1
Gilles Simon,Ernests Gulbis,2019,4,0,28,0,133,0,0,0,0,1,1,0,33.722108,0,0,1,1,91,51,41,21,12,6,7,0,27.824778000000002,0,0,6,2,93,51,37,19,12,8,9,1,0,0,0,1
Kei Nishikori,Pierre Hugues Herbert,2019,4,0,28,0,131,0,0,0,0,1,1,0,28.717316999999998,0,0,0,1,67,44,37,14,13,3,4,0,27.444215999999997,0,0,6,3,110,61,40,24,13,8,11,1,0,0,0,1
Jo Wilfried Tsonga,Pierre Hugues Herbert,2019,4,0,28,0,73,0,0,0,0,1,1,0,33.418207,0,0,6,1,45,31,27,9,9,0,0,0,27.444215999999997,0,0,6,3,50,30,19,13,9,1,4,1,0,1,0,0
Milos Raonic,Pierre Hugues Herbert,2019,7,0,28,0,121,0,0,0,0,1,1,0,27.665982,0,0,23,2,86,60,51,16,16,0,1,0,27.444215999999997,0,0,8,2,93,73,51,11,16,1,4,1,0,0,0,1
Philipp Kohlschreiber,Pierre Hugues Herbert,2019,25,0,28,0,69,0,0,0,0,1,1,0,34.863792,0,0,2,5,62,34,20,11,8,9,13,0,27.444215999999997,0,0,3,0,43,32,26,8,8,1,1,1,0,1,0,0
Filip Krajinovic,Pierre Hugues Herbert,2019,7,0,96,0,83,0,0,0,0,1,1,0,26.554415000000002,0,0,3,2,63,34,24,14,10,3,5,0,27.444215999999997,0,0,3,0,58,37,30,15,10,4,4,1,0,0,0,1
Kei Nishikori,Benoit Paire,2019,18,0,32,0,81,0,0,0,0,1,1,0,28.717316999999998,0,0,2,1,66,43,32,13,9,8,8,0,29.341547,0,0,4,5,52,27,22,10,10,0,3,1,0,0,0,1
Dominic Thiem,Benoit Paire,2019,7,0,28,0,222,0,0,0,0,1,1,0,25.037645,0,0,9,13,179,104,69,37,24,9,14,0,29.341547,0,0,21,5,153,78,59,34,23,11,16,1,0,0,0,1
Gilles Simon,Benoit Paire,2019,31,0,28,0,139,0,0,0,0,1,1,0,33.722108,0,0,4,4,104,74,54,13,15,8,11,0,29.341547,0,0,11,12,119,64,48,23,16,9,12,1,0,0,0,1
Tomas Berdych,Benoit Paire,2019,4,0,28,0,58,0,0,0,0,1,1,0,32.750171,0,0,3,7,46,26,15,4,7,5,10,0,29.341547,0,0,2,0,46,27,22,9,7,2,2,1,0,1,0,0
David Goffin,Benoit Paire,2019,18,0,32,0,64,0,0,0,0,1,1,0,27.720739000000002,0,0,2,2,52,34,21,14,9,0,1,0,29.341547,0,0,3,5,53,29,20,7,8,7,11,1,0,1,0,0
Feliciano Lopez,Benoit Paire,2019,7,0,96,0,140,0,0,0,0,0,1,0,36.837782000000004,0,0,9,7,108,65,48,24,16,9,10,0,29.341547,0,0,14,9,114,62,48,24,16,6,8,1,0,0,0,1
Kei Nishikori,Adrian Mannarino,2019,25,0,28,0,153,0,0,0,0,1,0,0,28.717316999999998,0,0,3,2,101,64,41,20,16,3,7,0,30.121834000000003,0,0,1,4,110,68,45,19,16,7,11,1,0,1,0,0
Kevin Anderson,Adrian Mannarino,2019,7,0,28,0,173,0,0,0,0,1,0,0,32.276523,0,0,14,5,110,71,53,20,18,5,7,0,30.121834000000003,0,0,5,1,112,78,49,12,18,8,15,1,0,0,0,1
John Isner,Adrian Mannarino,2019,18,0,28,0,93,0,0,0,0,1,0,0,33.336071000000004,0,0,6,4,72,49,36,12,11,2,3,0,30.121834000000003,0,0,24,1,70,54,42,11,11,3,3,1,0,0,0,1
John Isner,Adrian Mannarino,2019,25,0,32,0,105,0,0,0,0,1,0,0,33.336071000000004,0,0,18,0,72,46,37,16,14,0,1,0,30.121834000000003,0,0,3,6,88,49,34,21,14,2,5,1,0,0,0,1
Jo Wilfried Tsonga,Martin Klizan,2019,7,0,28,0,146,0,0,0,0,1,0,0,33.418207,0,0,23,4,89,53,50,20,16,0,0,0,29.185489,0,0,8,5,113,75,56,18,16,11,13,1,0,0,0,1
Andreas Seppi,Martin Klizan,2019,31,0,28,0,108,0,0,0,0,1,0,0,34.513346999999996,0,0,1,2,84,61,34,9,10,2,6,0,29.185489,0,0,11,4,76,53,39,7,10,4,6,1,0,0,0,1
Alexander Zverev,Martin Klizan,2019,25,0,28,0,58,0,0,0,0,1,0,0,21.352498,0,0,5,1,34,18,14,9,5,2,3,0,29.185489,0,0,1,3,44,19,10,11,6,6,10,1,0,1,0,0
Jo Wilfried Tsonga,Gilles Simon,2019,4,0,28,0,94,0,0,0,0,1,1,0,33.418207,0,0,2,1,69,37,25,13,10,3,6,0,33.722108,0,0,11,2,60,39,31,13,10,4,5,1,0,1,0,0
Kevin Anderson,Gilles Simon,2019,31,0,28,0,108,0,0,0,0,1,1,0,32.276523,0,0,21,2,86,54,43,14,11,9,10,0,33.722108,0,0,1,0,56,34,26,10,10,0,2,1,0,0,0,1
Dominic Thiem,Gilles Simon,2019,25,0,28,0,67,0,0,0,0,1,1,0,25.037645,0,0,0,2,41,17,7,9,8,0,5,0,33.722108,0,0,2,0,52,33,24,10,8,2,3,1,0,1,0,0
Tomas Berdych,Gilles Simon,2019,4,0,28,0,130,0,0,0,0,1,1,0,32.750171,0,0,2,2,79,45,23,22,11,7,12,0,33.722108,0,0,4,1,97,49,35,20,11,3,7,1,0,0,0,1
David Goffin,Gilles Simon,2019,18,0,32,0,88,0,0,0,0,1,1,0,27.720739000000002,0,0,3,1,50,32,25,11,9,0,0,0,33.722108,0,0,4,2,66,40,23,12,9,7,10,1,0,1,0,0
Jeremy Chardy,Gilles Simon,2019,7,0,96,0,72,0,0,0,0,1,1,0,31.537303,0,0,3,4,54,34,22,10,9,6,8,0,33.722108,0,0,1,2,47,33,18,5,9,0,5,1,0,0,0,1
Jo Wilfried Tsonga,Lukas Rosol,2019,7,0,96,0,78,0,0,0,0,1,1,0,33.418207,0,0,2,4,60,32,19,13,9,5,9,0,31.233402,0,0,9,2,64,37,29,11,10,7,9,1,0,0,0,1
Viktor Troicki,Lukas Rosol,2019,7,0,28,0,88,0,0,0,0,1,1,0,32.33128,0,0,7,1,66,41,31,12,9,4,5,0,31.233402,0,0,5,5,75,41,26,12,10,3,7,1,0,0,0,1
Andreas Seppi,Peter Gojowczyk,2019,4,0,28,0,115,0,0,0,0,1,1,0,34.513346999999996,0,0,11,4,93,57,40,18,15,6,10,0,29.174538000000002,0,0,7,6,91,42,28,24,14,4,8,1,0,0,0,1
Gilles Simon,Peter Gojowczyk,2019,18,0,32,0,99,0,0,0,0,1,1,0,33.722108,0,0,5,2,82,50,32,18,14,2,5,0,29.174538000000002,0,0,15,0,80,54,43,14,14,2,3,1,0,1,0,0
Roger Federer,Peter Gojowczyk,2019,25,0,28,0,77,0,0,0,0,1,1,0,37.051334999999995,0,0,6,6,78,42,27,14,9,10,14,0,29.174538000000002,0,0,2,6,58,32,26,15,10,6,7,1,0,1,0,0
Federico Delbonis,Peter Gojowczyk,2019,7,0,96,0,78,0,0,0,0,0,1,0,27.797399,0,0,3,6,76,39,26,14,9,9,13,0,29.174538000000002,0,0,4,4,51,25,20,15,9,3,4,1,0,0,0,1
John Millman,Peter Gojowczyk,2019,25,0,32,0,62,0,0,0,0,1,1,0,29.201915999999997,0,0,0,7,37,15,7,4,7,2,8,0,29.174538000000002,0,0,2,0,51,30,21,12,7,2,3,1,0,0,0,1
Fabio Fognini,Peter Gojowczyk,2019,6,0,28,0,124,0,0,0,0,1,1,0,31.318275,0,0,10,6,98,52,38,22,15,5,9,0,29.174538000000002,0,0,5,4,105,73,51,15,14,7,10,1,0,0,0,1
Andreas Seppi,Diego Sebastian Schwartzman,2019,31,0,28,0,102,0,0,0,0,1,1,0,34.513346999999996,0,0,3,1,66,40,26,16,11,5,8,0,26.028747,0,0,5,2,74,48,29,11,11,6,10,1,0,0,0,1
Pablo Cuevas,Diego Sebastian Schwartzman,2019,11,0,28,0,59,0,0,0,0,1,1,0,32.555784,0,0,1,0,38,22,16,12,6,0,0,0,26.028747,0,0,0,0,38,17,8,8,6,5,9,1,0,1,0,0
Tomas Berdych,Diego Sebastian Schwartzman,2019,7,0,28,0,180,0,0,0,0,1,1,0,32.750171,0,0,19,1,143,83,69,29,22,7,8,0,26.028747,0,0,8,2,126,76,59,26,21,4,7,1,0,0,0,1
Rafael Nadal,Diego Sebastian Schwartzman,2019,25,0,28,0,75,0,0,0,0,0,1,0,32.232717,0,0,0,3,54,41,23,4,8,2,6,0,26.028747,0,0,3,1,43,27,22,11,8,0,0,1,0,1,0,0
Guido Pella,Diego Sebastian Schwartzman,2019,14,0,128,0,110,0,0,0,0,0,1,0,28.336756,0,0,1,2,64,34,19,16,10,2,6,0,26.028747,0,0,1,1,75,49,33,13,10,6,7,1,0,0,0,1
Andreas Seppi,Steve Johnson,2019,7,0,28,0,141,0,0,0,0,1,1,0,34.513346999999996,0,0,12,5,108,62,50,28,19,5,6,0,28.673510999999998,0,0,11,3,105,52,42,30,20,1,5,1,0,0,0,1
Joao Sousa,Steve Johnson,2019,7,0,96,0,95,0,0,0,0,1,1,0,29.409993,0,0,4,2,68,43,34,16,11,1,2,0,28.673510999999998,0,0,12,4,77,36,29,23,11,6,8,1,0,0,0,1
Leonardo Mayer,Steve Johnson,2019,6,0,28,0,93,0,0,0,0,1,1,0,31.266256,0,0,4,4,73,46,32,9,11,7,11,0,28.673510999999998,0,0,2,2,59,31,22,19,10,1,2,1,0,0,0,1
Andreas Seppi,Bernard Tomic,2019,18,0,28,0,76,0,0,0,0,1,1,0,34.513346999999996,0,0,5,3,75,38,31,20,11,6,6,0,24.678987,0,0,12,1,73,50,35,10,11,3,5,1,0,0,0,1
John Isner,Bernard Tomic,2019,11,0,32,0,74,0,0,0,0,1,1,0,33.336071000000004,0,0,27,0,60,41,35,16,11,0,0,0,24.678987,0,0,13,1,74,47,34,18,11,5,6,1,0,0,0,1
Novak Djokovic,Bernard Tomic,2019,7,0,96,0,73,0,0,0,0,1,1,0,31.266256,0,0,11,3,58,36,29,14,10,0,1,0,24.678987,0,0,9,4,64,39,28,10,10,1,4,1,0,0,0,1
Marin Cilic,Bernard Tomic,2019,7,0,28,0,123,0,0,0,0,1,1,0,29.94935,0,0,24,2,93,63,49,19,15,5,6,0,24.678987,0,0,12,1,104,73,47,15,15,11,15,1,0,0,0,1
Lukas Rosol,Bernard Tomic,2019,25,0,28,0,106,0,0,0,0,1,1,0,31.233402,0,0,7,2,88,59,46,12,14,0,1,0,24.678987,0,0,7,5,95,56,43,19,15,3,5,1,0,1,0,0
Alexander Zverev,Aljaz Bedene,2019,7,0,28,0,115,0,0,0,0,1,1,0,21.352498,0,0,11,6,77,46,38,14,14,1,3,0,29.166324,0,0,7,2,84,51,34,8,13,2,8,1,0,0,0,1
Diego Sebastian Schwartzman,Aljaz Bedene,2019,11,0,28,0,119,0,0,0,0,1,1,0,26.028747,0,0,0,2,68,52,34,7,13,2,7,0,29.166324,0,0,5,2,93,49,31,17,13,8,14,1,0,0,0,1
Guillermo Garcia Lopez,Aljaz Bedene,2019,31,0,28,0,167,0,0,0,0,1,1,0,35.211498999999996,0,0,16,2,104,65,47,13,17,3,9,0,29.166324,0,0,3,4,101,62,44,16,17,3,9,1,0,0,0,1
Pablo Cuevas,Aljaz Bedene,2019,14,0,128,0,102,0,0,0,0,1,1,0,32.555784,0,0,4,2,75,41,27,14,9,9,12,0,29.166324,0,0,6,2,53,31,28,12,10,1,2,1,0,0,0,1
Milos Raonic,Aljaz Bedene,2019,31,0,32,0,47,0,0,0,0,1,1,0,27.665982,0,0,4,1,43,30,16,2,7,4,8,0,29.166324,0,0,18,0,38,29,27,5,8,0,0,1,0,0,0,1
Adrian Mannarino,Aljaz Bedene,2019,7,0,96,0,134,0,0,0,0,0,1,0,30.121834000000003,0,0,5,1,81,45,32,20,14,3,6,0,29.166324,0,0,4,8,98,44,29,25,14,9,14,1,0,0,0,1
Alexander Zverev,David Ferrer,2019,25,0,32,0,88,0,0,0,0,1,1,0,21.352498,0,0,0,2,59,36,23,9,9,3,6,0,36.364134,0,0,9,6,62,37,29,15,10,3,4,1,0,0,0,1
Pablo Carreno Busta,David Ferrer,2019,6,0,28,0,19,0,0,0,0,1,1,0,27.164956,0,0,0,0,8,2,2,3,1,0,0,0,36.364134,0,0,0,0,11,9,5,2,1,1,1,1,0,0,0,1
Diego Sebastian Schwartzman,Marius Copil,2019,25,0,32,0,122,0,0,0,0,1,1,0,26.028747,0,0,7,3,93,43,25,22,13,9,16,0,27.86037,0,0,1,4,79,53,36,10,13,5,9,1,0,0,0,1
David Goffin,Marius Copil,2019,7,0,28,0,162,0,0,0,0,1,1,0,27.720739000000002,0,0,12,2,112,82,66,15,21,1,3,0,27.86037,0,0,20,3,123,74,53,25,21,3,8,1,0,0,0,1
Fernando Verdasco,Marius Copil,2019,4,0,28,0,104,0,0,0,0,0,1,0,34.781656,0,0,10,3,73,41,29,15,12,4,8,0,27.86037,0,0,8,4,82,51,38,19,13,4,5,1,0,0,0,1
Ernests Gulbis,Marius Copil,2019,4,0,28,0,72,0,0,0,0,1,1,0,27.824778000000002,0,0,5,2,67,42,24,14,9,9,12,0,27.86037,0,0,12,0,43,27,23,13,9,0,0,1,0,0,0,1
Diego Sebastian Schwartzman,Guillermo Garcia Lopez,2019,31,0,28,0,69,0,0,0,0,1,1,0,26.028747,0,0,1,3,44,22,18,14,8,0,1,0,35.211498999999996,0,0,2,3,57,37,19,9,9,7,12,1,0,0,0,1
Marcel Granollers,Guillermo Garcia Lopez,2019,25,0,32,0,107,0,0,0,0,1,1,0,31.071869,0,0,5,1,84,55,36,14,13,4,8,0,35.211498999999996,0,0,6,2,70,42,30,18,13,2,4,1,0,0,0,1
Sam Querrey,Guillermo Garcia Lopez,2019,25,0,32,0,62,0,0,0,0,1,1,0,30.926762,0,0,15,3,44,30,29,8,9,0,0,0,35.211498999999996,0,0,3,4,67,44,28,8,8,8,11,1,0,0,0,1
Robin Haase,Guillermo Garcia Lopez,2019,7,0,28,0,135,0,0,0,0,1,1,0,31.392196999999996,0,0,9,3,109,59,47,26,17,4,5,0,35.211498999999996,0,0,5,5,101,64,46,19,17,6,10,1,0,0,0,1
Diego Sebastian Schwartzman,Alessandro Giannessi,2019,14,0,128,0,141,0,0,0,0,1,0,0,26.028747,0,0,3,5,94,72,51,6,14,4,7,0,27.132101000000002,0,0,4,5,101,68,43,8,13,13,20,1,0,0,0,1
Diego Sebastian Schwartzman,Dominic Thiem,2019,11,0,28,0,151,0,0,0,0,1,1,0,26.028747,0,0,2,4,100,76,49,9,15,2,8,0,25.037645,0,0,1,8,104,80,47,8,15,3,10,1,0,0,0,1
Guillermo Garcia Lopez,John Millman,2019,11,0,32,0,128,0,0,0,0,1,1,0,35.211498999999996,0,0,4,0,88,59,45,17,14,5,6,0,29.201915999999997,0,0,8,0,94,55,39,26,15,3,6,1,0,0,0,1
Gilles Simon,John Millman,2019,31,0,28,0,162,0,0,0,0,1,1,0,33.722108,0,0,5,0,119,78,49,22,17,8,12,0,29.201915999999997,0,0,2,1,90,60,42,17,16,5,9,1,0,0,0,1
John Isner,John Millman,2019,25,0,32,0,185,0,0,0,0,1,1,0,33.336071000000004,0,0,38,0,107,85,69,14,18,1,2,0,29.201915999999997,0,0,9,7,138,81,58,34,18,7,8,1,0,0,0,1
Nick Kyrgios,John Millman,2019,18,0,28,0,124,0,0,0,0,1,1,0,23.334702,0,0,19,11,111,65,55,23,17,1,1,0,29.201915999999997,0,0,8,0,97,70,54,19,17,0,1,1,0,0,0,1
Grigor Dimitrov,John Millman,2019,31,0,32,0,88,0,0,0,0,1,1,0,27.282683000000002,0,0,6,2,63,35,27,13,10,2,4,0,29.201915999999997,0,0,1,1,55,37,18,10,9,3,7,1,0,0,0,1
Roberto Bautista Agut,John Millman,2019,7,0,28,0,228,0,0,0,0,1,1,0,30.425735999999997,0,0,10,2,148,105,74,24,23,6,9,0,29.201915999999997,0,0,12,4,169,110,71,29,24,10,17,1,0,0,0,1
Federico Delbonis,John Millman,2019,7,0,96,0,149,0,0,0,0,0,1,0,27.797399,0,0,5,5,102,67,44,20,16,2,6,0,29.201915999999997,0,0,3,3,113,63,43,25,17,6,10,1,0,0,0,1
Pierre Hugues Herbert,Sam Querrey,2019,7,0,28,0,158,0,0,0,0,1,1,0,27.444215999999997,0,0,21,3,116,73,56,28,20,5,7,0,30.926762,0,0,23,8,138,84,64,20,20,10,15,1,0,0,0,1
Gilles Simon,Sam Querrey,2019,31,0,28,0,133,0,0,0,0,1,1,0,33.722108,0,0,22,5,102,64,55,14,17,1,5,0,30.926762,0,0,5,0,111,77,61,14,17,6,9,1,0,0,0,1
Milos Raonic,Sam Querrey,2019,25,0,28,0,104,0,0,0,0,1,1,0,27.665982,0,0,10,5,77,43,31,18,11,4,5,0,30.926762,0,0,18,7,79,37,30,27,11,4,4,1,0,1,0,0
John Isner,Sam Querrey,2019,25,0,32,0,66,0,0,0,0,1,1,0,33.336071000000004,0,0,19,0,46,31,29,11,10,0,0,0,30.926762,0,0,14,8,67,35,26,16,10,2,4,1,0,0,0,1
David Ferrer,Sam Querrey,2019,7,0,96,0,74,0,0,0,0,1,1,0,36.364134,0,0,9,6,59,36,28,3,8,5,9,0,30.926762,0,0,0,0,57,42,34,4,9,6,7,1,0,0,0,1
Pierre Hugues Herbert,Tomas Berdych,2019,4,0,28,0,93,0,0,0,0,1,1,0,27.444215999999997,0,0,5,3,62,32,27,18,10,3,3,0,32.750171,0,0,2,5,62,30,21,17,10,4,7,1,0,1,0,0
Feliciano Lopez,Tomas Berdych,2019,25,0,28,0,117,0,0,0,0,0,1,0,36.837782000000004,0,0,4,4,82,54,43,13,12,0,0,0,32.750171,0,0,15,2,98,57,46,20,12,4,4,1,0,1,0,0
Rafael Nadal,Tomas Berdych,2019,7,0,28,0,125,0,0,0,0,0,1,0,32.232717,0,0,5,1,81,56,45,16,13,2,2,0,32.750171,0,0,5,3,78,37,26,18,12,8,13,1,0,0,0,1
Mikhail Kukushkin,Robin Haase,2019,4,0,28,0,90,0,0,0,0,1,1,0,30.726899,0,0,2,0,62,38,30,16,10,1,1,0,31.392196999999996,0,0,6,1,62,39,33,7,10,6,8,1,0,0,0,1
Tomas Berdych,Robin Haase,2019,7,0,28,0,79,0,0,0,0,1,1,0,32.750171,0,0,7,1,62,43,38,14,13,0,0,0,31.392196999999996,0,0,4,2,71,38,25,15,12,2,7,1,0,0,0,1
David Ferrer,Robin Haase,2019,6,0,28,0,62,0,0,0,0,1,1,0,36.364134,0,0,1,4,57,31,15,9,8,3,9,0,31.392196999999996,0,0,3,1,40,28,21,8,7,1,2,1,0,0,0,1
Nikoloz Basilashvili,Robin Haase,2019,7,0,96,0,93,0,0,0,0,1,1,0,26.565365999999997,0,0,14,4,77,51,37,16,11,4,5,0,31.392196999999996,0,0,7,4,72,38,30,15,10,5,7,1,0,0,0,1
Bernard Tomic,Lukas Lacko,2019,11,0,32,0,53,0,0,0,0,1,1,0,24.678987,0,0,6,2,52,36,22,9,9,4,7,0,30.737851000000003,0,0,9,0,52,37,28,10,9,3,3,1,0,0,0,1
John Isner,Lukas Lacko,2019,18,0,28,0,70,0,0,0,0,1,1,0,33.336071000000004,0,0,4,4,71,42,28,15,10,6,9,0,30.737851000000003,0,0,18,0,43,32,31,6,9,2,2,1,0,0,0,1
Robin Haase,Lukas Lacko,2019,7,0,96,0,68,0,0,0,0,1,1,0,31.392196999999996,0,0,8,4,64,41,31,11,9,7,7,0,30.737851000000003,0,0,4,2,49,29,22,7,9,3,6,1,0,0,0,1
Tim Smyczek,Lukas Lacko,2019,7,0,28,0,168,0,0,0,0,1,1,0,30.581792999999998,0,0,14,2,116,69,53,22,16,7,9,0,30.737851000000003,0,0,2,1,133,84,55,26,16,7,9,1,0,0,0,1
Pablo Cuevas,Dusan Lajovic,2019,7,0,28,0,121,0,0,0,0,1,1,0,32.555784,0,0,5,0,80,46,32,22,14,3,5,0,28.158795,0,0,5,4,103,69,46,8,15,8,15,1,0,0,0,1
Feliciano Lopez,Dusan Lajovic,2019,25,0,32,0,157,0,0,0,0,0,1,0,36.837782000000004,0,0,4,0,125,75,47,22,16,11,17,0,28.158795,0,0,14,7,106,50,38,28,16,6,9,1,0,0,0,1
Nick Kyrgios,Dusan Lajovic,2019,7,0,96,0,57,0,0,0,0,1,1,0,23.334702,0,0,12,2,55,38,29,9,8,6,7,0,28.158795,0,0,0,0,46,32,21,2,8,1,6,1,0,0,0,1
Leonardo Mayer,Dusan Lajovic,2019,11,0,28,0,105,0,0,0,0,1,1,0,31.266256,0,0,1,4,84,59,36,8,10,4,8,0,28.158795,0,0,2,5,66,34,26,17,11,1,4,1,0,0,0,1
Marin Cilic,Dusan Lajovic,2019,25,0,28,0,93,0,0,0,0,1,1,0,29.94935,0,0,1,2,70,42,23,15,9,11,15,0,28.158795,0,0,7,1,61,35,27,13,10,4,6,1,0,1,0,0
Pablo Cuevas,Malek Jaziri,2019,14,0,128,0,82,0,0,0,0,1,1,0,32.555784,0,0,9,0,61,40,32,14,10,1,2,0,34.562628000000004,0,0,1,2,57,41,28,6,10,1,4,1,0,0,0,1
Gilles Simon,Malek Jaziri,2019,25,0,28,0,188,0,0,0,0,1,1,0,33.722108,0,0,7,2,112,75,50,22,15,12,13,0,34.562628000000004,0,0,6,5,125,65,38,34,16,11,15,1,0,1,0,0
David Ferrer,Malek Jaziri,2019,11,0,28,0,111,0,0,0,0,1,1,0,36.364134,0,0,1,5,76,52,36,12,10,1,4,0,34.562628000000004,0,0,3,2,86,58,35,10,11,3,8,1,0,0,0,1
Federico Delbonis,Malek Jaziri,2019,11,0,28,0,115,0,0,0,0,0,1,0,27.797399,0,0,1,3,78,40,30,12,10,9,13,0,34.562628000000004,0,0,3,5,67,36,25,18,11,5,7,1,0,1,0,0
Daniel Evans,Malek Jaziri,2019,7,0,96,0,73,0,0,0,0,1,1,0,26.959616999999998,0,0,3,1,53,40,28,6,7,5,6,0,34.562628000000004,0,0,1,3,59,36,16,8,7,5,11,1,0,0,0,1
Steve Darcis,Malek Jaziri,2019,31,0,28,0,93,0,0,0,0,1,1,0,33.689254,0,0,1,0,65,42,27,16,10,3,4,0,34.562628000000004,0,0,6,0,56,22,17,14,10,1,5,1,0,0,0,1
Sam Querrey,Malek Jaziri,2019,31,0,28,0,51,0,0,0,0,1,1,0,30.926762,0,0,0,6,46,25,14,8,6,8,12,0,34.562628000000004,0,0,8,1,26,17,17,7,6,0,0,1,0,0,0,1
Pablo Cuevas,Stephane Robert,2019,6,0,28,0,49,0,0,0,0,1,1,0,32.555784,0,0,2,7,43,21,13,8,8,4,8,0,36.84052,0,0,14,1,48,30,23,11,9,0,1,1,0,0,0,1
Pablo Cuevas,Jo Wilfried Tsonga,2019,7,0,96,0,87,0,0,0,0,1,1,0,32.555784,0,0,3,2,60,39,33,10,10,3,3,0,33.418207,0,0,3,1,59,35,24,11,10,2,4,1,0,0,0,1
Novak Djokovic,Jo Wilfried Tsonga,2019,7,0,28,0,124,0,0,0,0,1,1,0,31.266256,0,0,12,1,87,61,45,18,16,3,5,0,33.418207,0,0,10,1,92,50,36,19,15,4,9,1,0,0,0,1
Dominic Thiem,Pablo Cuevas,2019,11,0,28,0,109,0,0,0,0,1,1,0,25.037645,0,0,4,3,89,66,48,12,15,6,8,0,32.555784,0,0,4,3,73,44,31,19,14,2,5,1,0,0,0,1
Grigor Dimitrov,Pablo Cuevas,2019,7,0,28,0,169,0,0,0,0,1,1,0,27.282683000000002,0,0,8,2,133,97,80,21,22,3,3,0,32.555784,0,0,15,8,152,101,74,22,20,8,11,1,0,0,0,1
Bradley Klahn,Pablo Cuevas,2019,6,0,28,0,153,0,0,0,0,0,1,0,28.019165,0,0,9,3,126,79,63,28,18,6,7,0,32.555784,0,0,11,2,120,73,53,31,18,4,5,1,0,0,0,1
Guido Pella,Pablo Cuevas,2019,14,0,128,0,112,0,0,0,0,0,1,0,28.336756,0,0,11,4,82,41,29,19,12,4,7,0,32.555784,0,0,5,1,73,49,37,15,13,2,3,1,0,0,0,1
Dusan Lajovic,Pablo Cuevas,2019,7,0,96,0,133,0,0,0,0,1,1,0,28.158795,0,0,7,1,96,70,49,19,16,6,7,0,32.555784,0,0,5,3,92,61,43,16,15,4,7,1,0,0,0,1
Dominic Thiem,Milos Raonic,2019,25,0,28,0,151,0,0,0,0,1,1,0,25.037645,0,0,5,2,104,79,65,15,17,1,1,0,27.665982,0,0,17,5,110,71,57,22,17,2,3,1,0,1,0,0
Lucas Pouille,Milos Raonic,2019,7,0,28,0,182,0,0,0,0,1,1,0,24.544832,0,0,14,4,122,80,67,24,22,0,1,0,27.665982,0,0,25,6,149,87,62,35,21,11,14,1,0,0,0,1
Dominic Thiem,Roger Federer,2019,25,0,28,0,122,0,0,0,0,1,1,0,25.037645,0,0,1,3,97,67,47,18,15,9,11,0,37.051334999999995,0,0,3,2,84,59,42,12,15,1,4,1,0,1,0,0
Ivo Karlovic,Steve Darcis,2019,31,0,28,0,115,0,0,0,0,1,1,0,39.282683,0,0,3,2,95,80,57,8,15,5,6,0,33.689254,0,0,33,4,89,58,52,17,16,1,2,1,0,0,0,1
Matthias Bachinger,Steve Darcis,2019,18,0,32,0,123,0,0,0,0,1,1,0,26.017796,0,0,13,4,94,61,46,18,15,3,5,0,33.689254,0,0,4,2,95,55,39,19,14,9,12,1,0,1,0,0
Ivo Karlovic,Evgeny Donskoy,2019,31,0,28,0,72,0,0,0,0,1,1,0,39.282683,0,0,8,3,68,35,28,16,11,2,4,0,28.358658000000002,0,0,17,2,51,36,31,13,11,0,0,1,0,0,0,1
Filip Krajinovic,Evgeny Donskoy,2019,7,0,28,0,172,0,0,0,0,1,1,0,26.554415000000002,0,0,15,2,122,78,54,26,17,7,10,0,28.358658000000002,0,0,11,3,146,93,61,23,17,7,11,1,0,0,0,1
Peter Gojowczyk,Evgeny Donskoy,2019,4,0,28,0,86,0,0,0,0,1,1,0,29.174538000000002,0,0,5,4,78,37,27,20,11,2,4,0,28.358658000000002,0,0,7,4,73,48,33,10,11,6,9,1,0,0,0,1
Benoit Paire,Evgeny Donskoy,2019,4,0,28,0,73,0,0,0,0,1,1,0,29.341547,0,0,8,6,63,31,28,20,11,3,3,0,28.358658000000002,0,0,3,0,68,41,26,16,10,4,6,1,0,1,0,0
Ivo Karlovic,Matthew Ebden,2019,25,0,28,0,109,0,0,0,0,1,1,0,39.282683,0,0,18,7,93,50,40,21,12,4,5,0,30.655715,0,0,2,8,85,52,35,19,12,4,5,1,0,1,0,0
Rafael Nadal,Matthew Ebden,2019,7,0,28,0,116,0,0,0,0,0,1,0,32.232717,0,0,6,4,81,53,43,16,13,4,4,0,30.655715,0,0,7,3,75,50,33,8,12,4,9,1,0,0,0,1
Roberto Bautista Agut,Matthew Ebden,2019,4,0,28,0,109,0,0,0,0,1,1,0,30.425735999999997,0,0,2,5,77,51,35,17,13,2,4,0,30.655715,0,0,11,4,96,56,42,13,13,5,9,1,0,0,0,1
Fernando Verdasco,Matthew Ebden,2019,4,0,28,0,86,0,0,0,0,0,1,0,34.781656,0,0,7,3,69,42,32,9,11,5,8,0,30.655715,0,0,3,0,61,35,27,16,11,2,3,1,0,0,0,1
Milos Raonic,Nick Kyrgios,2019,7,0,28,0,116,0,0,0,0,1,1,0,27.665982,0,0,30,1,80,58,52,17,16,0,0,0,23.334702,0,0,15,2,91,68,51,16,16,5,7,1,0,0,0,1
Philipp Kohlschreiber,Nick Kyrgios,2019,25,0,28,0,74,0,0,0,0,1,1,0,34.863792,0,0,3,1,60,38,31,13,10,5,5,0,23.334702,0,0,10,2,64,47,33,8,10,2,4,1,0,1,0,0
Jeremy Chardy,Nick Kyrgios,2019,31,0,32,0,99,0,0,0,0,1,1,0,31.537303,0,0,13,6,80,59,48,10,14,2,5,0,23.334702,0,0,17,5,84,58,50,17,15,2,2,1,0,0,0,1
Milos Raonic,Alexander Zverev,2019,7,0,28,0,119,0,0,0,0,1,1,0,27.665982,0,0,15,1,78,54,43,13,13,0,1,0,21.352498,0,0,6,10,90,56,38,12,13,14,20,1,0,0,0,1
Nick Kyrgios,Alexander Zverev,2019,25,0,32,0,90,0,0,0,0,1,1,0,23.334702,0,0,13,5,71,44,34,10,10,7,8,0,21.352498,0,0,7,1,49,36,26,5,9,2,5,1,0,0,0,1
David Ferrer,Alexander Zverev,2019,7,0,96,0,142,0,0,0,0,1,1,0,36.364134,0,0,0,2,84,53,30,19,14,3,7,0,21.352498,0,0,9,12,100,55,38,18,15,9,14,1,0,0,0,1
Milos Raonic,Philipp Kohlschreiber,2019,4,0,28,0,101,0,0,0,0,1,1,0,27.665982,0,0,21,1,70,44,38,20,12,1,1,0,34.863792,0,0,2,2,82,50,38,19,12,2,3,1,0,0,0,1
Joao Sousa,Philipp Kohlschreiber,2019,7,0,28,0,258,0,0,0,0,1,1,0,29.409993,0,0,28,1,181,130,99,26,28,14,16,0,34.863792,0,0,20,6,189,113,83,42,28,12,14,1,0,0,0,1
Roger Federer,Philipp Kohlschreiber,2019,18,0,32,0,95,0,0,0,0,1,1,0,37.051334999999995,0,0,1,4,89,50,31,22,13,4,8,0,34.863792,0,0,7,3,67,48,38,11,13,1,3,1,0,0,0,1
Gael Monfils,Philipp Kohlschreiber,2019,25,0,28,0,57,0,0,0,0,1,1,0,31.986310999999997,0,0,1,1,46,31,13,5,7,8,13,0,34.863792,0,0,4,2,40,26,20,10,7,0,0,1,0,1,0,0
Philipp Kohlschreiber,Bradley Klahn,2019,6,0,28,0,89,0,0,0,0,1,0,0,34.863792,0,0,0,1,61,35,27,18,11,0,1,0,28.019165,0,0,2,3,62,34,25,17,11,4,6,1,0,0,0,1
Malek Jaziri,Bradley Klahn,2019,25,0,28,0,67,0,0,0,0,1,0,0,34.562628000000004,0,0,5,1,48,32,22,7,9,1,4,0,28.019165,0,0,1,2,54,34,28,11,9,1,1,1,0,1,0,0
Janko Tipsarevic,Bradley Klahn,2019,7,0,96,0,95,0,0,0,0,1,0,0,33.163587,0,0,5,7,66,34,26,16,9,6,7,0,28.019165,0,0,6,6,72,44,26,12,9,4,8,1,0,0,0,1
Santiago Giraldo,Bradley Klahn,2019,20,0,96,0,89,0,0,0,0,1,0,0,29.6564,0,0,2,1,61,49,38,7,10,4,4,0,28.019165,0,0,6,3,67,36,27,18,10,8,10,1,0,0,0,1
Philipp Kohlschreiber,Fabio Fognini,2019,6,0,28,0,65,0,0,0,0,1,1,0,34.863792,0,0,5,1,53,35,27,10,8,2,2,0,31.318275,0,0,0,7,52,27,14,12,8,2,6,1,0,0,0,1
Roberto Bautista Agut,Fabio Fognini,2019,7,0,96,0,84,0,0,0,0,1,1,0,30.425735999999997,0,0,0,4,53,32,22,11,10,3,6,0,31.318275,0,0,3,2,61,36,23,8,10,1,6,1,0,0,0,1
Pablo Carreno Busta,Fabio Fognini,2019,7,0,28,0,150,0,0,0,0,1,1,0,27.164956,0,0,10,3,107,75,48,16,18,8,14,0,31.318275,0,0,8,7,116,74,52,9,18,9,17,1,0,0,0,1
Aljaz Bedene,Fabio Fognini,2019,14,0,128,0,69,0,0,0,0,1,1,0,29.166324,0,0,0,4,56,32,15,9,9,2,8,0,31.318275,0,0,7,3,48,31,23,6,8,1,3,1,0,0,0,1
Philipp Kohlschreiber,Novak Djokovic,2019,25,0,28,0,98,0,0,0,0,1,1,0,34.863792,0,0,2,3,56,37,25,8,10,1,4,0,31.266256,0,0,3,1,67,48,33,10,10,4,5,1,0,1,0,0
Roberto Bautista Agut,Novak Djokovic,2019,7,0,96,0,149,0,0,0,0,1,1,0,30.425735999999997,0,0,5,4,87,50,32,18,14,3,7,0,31.266256,0,0,1,3,94,55,39,15,14,9,13,1,0,0,0,1
Filip Krajinovic,Mikhail Kukushkin,2019,25,0,28,0,80,0,0,0,0,1,1,0,26.554415000000002,0,0,2,2,58,34,15,14,9,1,5,0,30.726899,0,0,5,1,53,35,26,10,10,1,3,1,0,1,0,0
Gael Monfils,Mikhail Kukushkin,2019,4,0,28,0,76,0,0,0,0,1,1,0,31.986310999999997,0,0,15,5,64,37,32,11,11,4,6,0,30.726899,0,0,1,2,57,35,20,13,10,9,13,1,0,0,0,1
Lucas Pouille,Mikhail Kukushkin,2019,7,0,28,0,105,0,0,0,0,1,1,0,24.544832,0,0,20,1,89,58,46,15,15,3,5,0,30.726899,0,0,4,2,86,50,30,15,14,5,11,1,0,0,0,1
Damir Dzumhur,Mikhail Kukushkin,2019,4,0,28,0,102,0,0,0,0,1,1,0,26.327173,0,0,4,0,84,55,34,16,11,6,8,0,30.726899,0,0,3,1,62,43,34,14,11,1,2,1,0,0,0,1
Filip Krajinovic,David Goffin,2019,4,0,28,0,88,0,0,0,0,1,1,0,26.554415000000002,0,0,3,0,64,46,34,12,10,4,4,0,27.720739000000002,0,0,11,4,81,42,30,18,10,9,11,1,0,1,0,0
Filip Krajinovic,David Goffin,2019,25,0,28,0,83,0,0,0,0,1,1,0,26.554415000000002,0,0,1,0,60,35,24,9,9,7,10,0,27.720739000000002,0,0,4,6,61,35,17,10,9,9,15,1,0,1,0,0
Gael Monfils,David Goffin,2019,4,0,28,0,106,0,0,0,0,1,1,0,31.986310999999997,0,0,2,0,71,37,27,18,12,3,7,0,27.720739000000002,0,0,12,3,75,47,33,15,12,5,8,1,0,0,0,1
Filip Krajinovic,Nicolas Mahut,2019,4,0,28,0,97,0,0,0,0,1,1,0,26.554415000000002,0,0,7,3,86,56,44,16,11,3,3,0,36.079398,0,0,10,2,74,48,37,14,11,3,4,1,0,1,0,0
Viktor Troicki,Nicolas Mahut,2019,7,0,28,0,60,0,0,0,0,1,1,0,32.33128,0,0,4,1,51,39,31,7,9,1,1,0,36.079398,0,0,2,0,50,33,22,8,9,2,5,1,0,0,0,1
Filip Krajinovic,Ricardas Berankis,2019,25,0,28,0,94,0,0,0,0,1,1,0,26.554415000000002,0,0,1,6,69,31,14,16,10,1,7,0,28.106776,0,0,5,2,75,44,28,13,11,3,7,1,0,1,0,0
Gael Monfils,Ricardas Berankis,2019,18,0,32,0,115,0,0,0,0,1,1,0,31.986310999999997,0,0,7,2,78,46,34,17,14,0,3,0,28.106776,0,0,2,6,97,58,27,20,13,6,13,1,0,0,0,1
Nicolas Mahut,Ricardas Berankis,2019,4,0,28,0,65,0,0,0,0,1,1,0,36.079398,0,0,1,3,58,31,18,13,8,4,7,0,28.106776,0,0,8,1,49,33,29,10,9,4,4,1,0,1,0,0
Tomas Berdych,Filip Krajinovic,2019,4,0,28,0,162,0,0,0,0,1,1,0,32.750171,0,0,13,3,127,65,48,36,18,2,4,0,26.554415000000002,0,0,12,6,107,70,55,17,18,1,4,1,0,1,0,0
Rafael Nadal,Filip Krajinovic,2019,25,0,28,0,86,0,0,0,0,0,1,0,32.232717,0,0,4,0,54,37,26,6,9,1,4,0,26.554415000000002,0,0,7,0,52,29,20,19,10,0,1,1,0,1,0,0
Roger Federer,Filip Krajinovic,2019,7,0,96,0,90,0,0,0,0,1,1,0,37.051334999999995,0,0,2,3,82,54,34,12,10,7,10,0,26.554415000000002,0,0,14,1,59,43,32,9,11,1,2,1,0,0,0,1
Tomas Berdych,Matthias Bachinger,2019,4,0,28,0,132,0,0,0,0,1,1,0,32.750171,0,0,11,8,112,55,41,26,15,7,11,0,26.017796,0,0,3,3,97,56,40,13,15,5,11,1,0,1,0,0
David Goffin,Pablo Andujar,2019,7,0,96,0,90,0,0,0,0,1,1,0,27.720739000000002,0,0,1,1,60,40,19,8,8,5,10,0,30.042437,0,0,7,2,66,42,32,8,9,7,9,1,0,0,0,1
Evgeny Donskoy,Pablo Andujar,2019,31,0,28,0,150,0,0,0,0,1,1,0,28.358658000000002,0,0,1,8,106,51,38,27,17,2,6,0,30.042437,0,0,7,0,109,69,49,19,16,5,8,1,0,0,0,1
John Isner,Guido Pella,2019,25,0,28,0,68,0,0,0,0,1,0,0,33.336071000000004,0,0,7,0,47,30,26,14,10,0,0,0,28.336756,0,0,0,1,55,41,25,8,9,3,5,1,0,1,0,0
Joao Sousa,Guido Pella,2019,7,0,28,0,241,0,0,0,0,1,0,0,29.409993,0,0,19,1,177,119,84,33,26,9,13,0,28.336756,0,0,18,5,170,113,78,33,26,10,14,1,0,0,0,1
Joao Sousa,Guido Pella,2019,11,0,28,0,133,0,0,0,0,1,0,0,29.409993,0,0,1,7,90,55,39,15,14,7,10,0,28.336756,0,0,7,4,94,57,43,18,15,7,10,1,0,1,0,0
Peter Gojowczyk,Guido Pella,2019,6,0,28,0,93,0,0,0,0,1,0,0,29.174538000000002,0,0,8,1,68,43,28,12,12,6,11,0,28.336756,0,0,6,8,90,44,29,25,12,5,7,1,0,0,0,1
Leonardo Mayer,Guido Pella,2019,7,0,96,0,100,0,0,0,0,1,0,0,31.266256,0,0,8,10,74,42,34,13,9,10,11,0,28.336756,0,0,4,2,69,47,27,10,9,7,11,1,0,0,0,1
John Isner,Roberto Bautista Agut,2019,7,0,96,0,105,0,0,0,0,1,1,0,33.336071000000004,0,0,3,2,75,49,38,17,12,3,3,0,30.425735999999997,0,0,24,1,82,61,48,12,12,1,1,1,0,0,0,1
Nikoloz Basilashvili,Roberto Bautista Agut,2019,18,0,32,0,132,0,0,0,0,1,1,0,26.565365999999997,0,0,1,3,100,60,40,23,16,5,9,0,30.425735999999997,0,0,19,1,86,52,42,21,15,4,5,1,0,0,0,1
Andy Murray,James Duckworth,2019,31,0,32,0,88,0,0,0,0,1,1,0,30.001369,0,0,8,2,56,34,23,9,9,1,4,0,23.167693,0,0,6,4,66,39,28,16,10,4,5,1,0,0,0,1
Rafael Nadal,James Duckworth,2019,7,0,28,0,135,0,0,0,0,0,1,0,32.232717,0,0,6,2,81,54,40,16,15,1,3,0,23.167693,0,0,12,11,111,62,40,20,16,6,12,1,0,0,0,1
Rafael Nadal,Mischa Zverev,2019,25,0,32,0,80,0,0,0,0,0,0,0,32.232717,0,0,3,4,56,30,20,19,9,1,1,0,30.976044,0,0,5,3,61,39,25,10,9,4,7,1,0,0,0,1
Martin Klizan,Mischa Zverev,2019,25,0,28,0,71,0,0,0,0,0,0,0,29.185489,0,0,5,4,46,25,22,14,9,0,0,0,30.976044,0,0,3,3,58,35,20,12,8,5,8,1,0,1,0,0
Nikoloz Basilashvili,Mischa Zverev,2019,7,0,96,0,66,0,0,0,0,1,0,0,26.565365999999997,0,0,5,3,59,30,21,18,9,2,3,0,30.976044,0,0,6,1,59,42,24,7,8,2,6,1,0,0,0,1
Adrian Mannarino,Denis Istomin,2019,18,0,28,0,78,0,0,0,0,0,1,0,30.121834000000003,0,0,5,0,52,33,26,14,10,0,1,0,32.027378999999996,0,0,5,0,67,49,31,8,10,2,5,1,0,0,0,1
Roger Federer,Denis Istomin,2019,7,0,28,0,117,0,0,0,0,1,1,0,37.051334999999995,0,0,14,2,82,46,38,24,15,0,0,0,32.027378999999996,0,0,4,1,99,69,45,16,14,6,9,1,0,0,0,1
Simone Bolelli,Denis Istomin,2019,31,0,28,0,82,0,0,0,0,1,1,0,30.354552,0,0,3,1,61,43,31,11,10,3,4,0,32.027378999999996,0,0,7,2,54,35,23,12,10,0,3,1,0,0,0,1
Robin Haase,Denis Istomin,2019,25,0,28,0,75,0,0,0,0,1,1,0,31.392196999999996,0,0,8,1,63,34,28,16,10,3,4,0,32.027378999999996,0,0,6,2,56,40,27,5,9,2,5,1,0,1,0,0
Nick Kyrgios,Ryan Harrison,2019,31,0,32,0,128,0,0,0,0,1,1,0,23.334702,0,0,44,3,119,80,63,24,18,1,2,0,26.30527,0,0,27,3,113,77,60,24,18,5,5,1,0,0,0,1
Paolo Lorenzi,Ryan Harrison,2019,11,0,32,0,125,0,0,0,0,1,1,0,36.698152,0,0,4,1,90,60,46,17,15,4,5,0,26.30527,0,0,17,5,95,59,45,18,15,6,8,1,0,0,0,1
Nick Kyrgios,John Isner,2019,25,0,32,0,141,0,0,0,0,1,1,0,23.334702,0,0,25,1,107,72,59,19,18,3,4,0,33.336071000000004,0,0,24,6,106,76,63,16,18,3,4,1,0,0,0,1
Roger Federer,John Isner,2019,7,0,96,0,63,0,0,0,0,1,1,0,37.051334999999995,0,0,9,2,53,39,23,7,9,6,10,0,33.336071000000004,0,0,6,1,35,20,20,12,8,0,0,1,0,0,0,1
Daniel Evans,John Isner,2019,18,0,28,0,92,0,0,0,0,1,1,0,26.959616999999998,0,0,4,0,61,42,37,13,13,0,1,0,33.336071000000004,0,0,16,0,69,45,36,11,13,2,5,1,0,0,0,1
Nick Kyrgios,Rafael Nadal,2019,25,0,32,0,183,0,0,0,0,1,0,0,23.334702,0,0,8,3,105,64,54,26,17,1,1,0,32.232717,0,0,21,6,127,78,64,22,16,9,10,1,0,0,0,1
Novak Djokovic,Rafael Nadal,2019,7,0,28,0,124,0,0,0,0,1,0,0,31.266256,0,0,8,0,69,50,40,16,13,1,1,0,32.232717,0,0,3,2,73,47,24,16,13,3,8,1,0,0,0,1
Nick Kyrgios,Andreas Seppi,2019,25,0,32,0,73,0,0,0,0,1,1,0,23.334702,0,0,13,1,61,41,30,13,10,4,5,0,34.513346999999996,0,0,6,3,55,31,25,9,11,1,5,1,0,0,0,1
Gael Monfils,Andreas Seppi,2019,4,0,28,0,95,0,0,0,0,1,1,0,31.986310999999997,0,0,11,3,75,45,35,17,13,2,4,0,34.513346999999996,0,0,0,0,79,43,25,19,13,6,11,1,0,0,0,1
Daniel Evans,Andreas Seppi,2019,18,0,28,0,87,0,0,0,0,1,1,0,26.959616999999998,0,0,6,1,61,37,22,14,10,1,4,0,34.513346999999996,0,0,3,3,65,44,32,12,10,2,3,1,0,0,0,1
Peter Gojowczyk,Andreas Seppi,2019,25,0,28,0,90,0,0,0,0,1,1,0,29.174538000000002,0,0,1,4,70,41,28,14,11,2,5,0,34.513346999999996,0,0,5,3,75,39,26,15,11,6,11,1,0,1,0,0
Roger Federer,Daniel Evans,2019,7,0,28,0,155,0,0,0,0,1,1,0,37.051334999999995,0,0,11,1,99,62,52,24,17,2,3,0,26.959616999999998,0,0,4,0,115,70,51,21,16,3,5,1,0,0,0,1
Roger Federer,Fernando Verdasco,2019,18,0,32,0,94,0,0,0,0,1,0,0,37.051334999999995,0,0,3,4,70,46,38,11,13,2,4,0,34.781656,0,0,10,2,78,55,43,15,14,2,3,1,0,0,0,1
Marin Cilic,Fernando Verdasco,2019,7,0,28,0,258,0,0,0,0,1,0,0,29.94935,0,0,8,5,153,89,73,33,24,6,9,0,34.781656,0,0,27,5,165,113,77,28,23,15,19,1,0,0,0,1
Matthias Bachinger,Fernando Verdasco,2019,18,0,32,0,76,0,0,0,0,1,0,0,26.017796,0,0,6,3,58,38,27,6,9,3,6,0,34.781656,0,0,6,1,60,37,30,12,10,8,9,1,0,1,0,0
Roger Federer,Kevin Anderson,2019,7,0,96,0,85,0,0,0,0,1,1,0,37.051334999999995,0,0,4,4,75,42,25,11,8,8,13,0,32.276523,0,0,3,2,42,25,20,9,8,0,1,1,0,0,0,1
Gael Monfils,Leonardo Mayer,2019,25,0,28,0,119,0,0,0,0,1,1,0,31.986310999999997,0,0,5,4,83,58,41,13,14,3,6,0,31.266256,0,0,2,8,91,49,37,17,14,4,8,1,0,1,0,0
Federico Delbonis,Leonardo Mayer,2019,14,0,128,0,148,0,0,0,0,0,1,0,27.797399,0,0,6,5,93,52,36,21,15,4,9,0,31.266256,0,0,3,6,106,64,41,25,16,3,6,1,0,0,0,1
Guido Pella,Leonardo Mayer,2019,11,0,28,0,131,0,0,0,0,0,1,0,28.336756,0,0,10,3,95,67,53,12,15,2,4,0,31.266256,0,0,5,3,93,69,46,12,14,4,7,1,0,0,0,1
Fabio Fognini,Leonardo Mayer,2019,7,0,28,0,143,0,0,0,0,1,1,0,31.318275,0,0,5,3,102,71,59,18,17,1,2,0,31.266256,0,0,13,2,104,60,46,22,16,3,5,1,0,0,0,1
Gael Monfils,Damir Dzumhur,2019,7,0,28,0,85,0,0,0,0,1,1,0,31.986310999999997,0,0,10,3,75,45,34,17,11,4,5,0,26.327173,0,0,2,4,70,43,18,10,11,10,18,1,0,0,0,1
Gael Monfils,Damir Dzumhur,2019,4,0,28,0,69,0,0,0,0,1,1,0,31.986310999999997,0,0,4,3,60,36,24,14,8,3,4,0,26.327173,0,0,0,1,48,31,13,8,7,3,8,1,0,0,0,1
Peter Gojowczyk,Damir Dzumhur,2019,18,0,32,0,79,0,0,0,0,1,1,0,29.174538000000002,0,0,2,4,70,41,29,15,9,6,7,0,26.327173,0,0,2,2,75,52,29,10,9,13,17,1,0,1,0,0
Gael Monfils,Marin Cilic,2019,18,0,32,0,105,0,0,0,0,1,1,0,31.986310999999997,0,0,1,1,87,54,36,12,13,8,13,0,29.94935,0,0,7,1,62,36,29,16,12,0,1,1,0,0,0,1
Roberto Bautista Agut,Marin Cilic,2019,7,0,28,0,238,0,0,0,0,1,1,0,30.425735999999997,0,0,10,3,154,106,74,33,25,3,5,0,29.94935,0,0,17,6,167,102,77,28,24,8,13,1,0,0,0,1
Gael Monfils,Viktor Troicki,2019,4,0,28,0,59,0,0,0,0,1,1,0,31.986310999999997,0,0,9,8,61,31,26,18,10,4,4,0,32.33128,0,0,8,2,48,29,21,10,9,0,2,1,0,0,0,1
Gael Monfils,Marcos Baghdatis,2019,18,0,32,0,65,0,0,0,0,1,1,0,31.986310999999997,0,0,6,2,56,37,28,9,9,6,7,0,33.193703,0,0,1,0,44,22,16,9,8,2,6,1,0,0,0,1
Grigor Dimitrov,Janko Tipsarevic,2019,7,0,28,0,153,0,0,0,0,1,1,0,27.282683000000002,0,0,18,8,112,69,59,18,18,3,4,0,33.163587,0,0,6,4,121,70,48,22,18,10,15,1,0,0,0,1
Roberto Bautista Agut,Janko Tipsarevic,2019,7,0,96,0,119,0,0,0,0,1,1,0,30.425735999999997,0,0,2,2,61,34,25,17,11,0,2,0,33.163587,0,0,2,3,93,58,33,18,11,11,14,1,0,0,0,1
Grigor Dimitrov,Feliciano Lopez,2019,7,0,96,0,60,0,0,0,0,1,0,0,27.282683000000002,0,0,5,0,41,27,23,10,8,0,0,0,36.837782000000004,0,0,4,2,50,26,16,10,8,8,12,1,0,0,0,1
Denis Istomin,Feliciano Lopez,2019,18,0,28,0,99,0,0,0,0,1,0,0,32.027378999999996,0,0,5,1,67,40,32,14,10,1,2,0,36.837782000000004,0,0,11,2,70,35,25,16,10,2,5,1,0,0,0,1
Roberto Bautista Agut,Andy Murray,2019,7,0,28,0,249,0,0,0,0,1,1,0,30.425735999999997,0,0,7,0,147,107,89,24,26,4,5,0,30.001369,0,0,19,2,156,93,74,31,26,5,10,1,0,0,0,1
Guido Pella,Paolo Lorenzi,2019,14,0,128,0,73,0,0,0,0,0,1,0,28.336756,0,0,1,2,53,28,15,10,8,4,9,0,36.698152,0,0,1,0,38,23,17,11,8,0,1,1,0,0,0,1
Daniel Evans,Paolo Lorenzi,2019,7,0,28,0,87,0,0,0,0,1,1,0,26.959616999999998,0,0,3,1,46,30,24,10,9,0,1,0,36.698152,0,0,7,1,68,40,27,9,9,5,9,1,0,0,0,1
Alessandro Giannessi,Paolo Lorenzi,2019,14,0,128,0,194,0,0,0,0,0,1,0,27.132101000000002,0,0,9,4,120,70,49,24,17,6,10,0,36.698152,0,0,3,1,120,88,56,21,17,7,10,1,0,0,0,1
Steve Johnson,Paolo Lorenzi,2019,18,0,28,0,117,0,0,0,0,1,1,0,28.673510999999998,0,0,7,2,69,36,31,22,12,2,2,0,36.698152,0,0,5,5,80,44,28,23,12,4,6,1,0,0,0,1
Dusan Lajovic,Kei Nishikori,2019,7,0,96,0,115,0,0,0,0,1,1,0,28.158795,0,0,1,2,75,45,26,19,12,3,6,0,28.717316999999998,0,0,3,1,82,50,30,16,13,4,9,1,0,0,0,1
Novak Djokovic,Kei Nishikori,2019,7,0,28,0,52,0,0,0,0,1,1,0,31.266256,0,0,2,1,29,20,17,8,6,0,0,0,28.717316999999998,0,0,0,3,47,33,16,5,6,0,4,1,0,0,0,1
Paolo Lorenzi,Tim Smyczek,2019,18,0,28,0,90,0,0,0,0,1,1,0,36.698152,0,0,7,4,69,37,27,15,10,3,5,0,30.581792999999998,0,0,2,2,68,38,30,20,11,1,1,1,0,0,0,1
Daniel Evans,Tatsuma Ito,2019,7,0,28,0,155,0,0,0,0,1,1,0,26.959616999999998,0,0,9,2,99,62,49,22,15,2,2,0,26.806296999999997,0,0,5,8,100,48,38,25,16,4,8,1,0,0,0,1
Daniel Evans,Tatsuma Ito,2019,7,0,96,0,77,0,0,0,0,1,1,0,26.959616999999998,0,0,3,2,65,34,20,14,10,4,9,0,26.806296999999997,0,0,4,1,52,33,24,13,9,2,3,1,0,0,0,1
Daniel Evans,Rogerio Dutra Silva,2019,7,0,28,0,57,0,0,0,0,1,1,0,26.959616999999998,0,0,5,0,47,39,30,6,9,0,0,0,33.94935,0,0,5,2,41,31,19,6,8,1,4,1,0,0,0,1
Daniel Evans,Donald Young,2019,18,0,28,0,82,0,0,0,0,1,0,0,26.959616999999998,0,0,1,1,55,29,17,19,10,1,4,0,28.577687,0,0,1,3,67,42,32,16,10,6,7,1,0,0,0,1
Novak Djokovic,Federico Delbonis,2019,7,0,96,0,120,0,0,0,0,1,0,0,31.266256,0,0,3,3,77,53,41,12,15,1,4,0,27.797399,0,0,8,5,84,54,36,12,14,7,12,1,0,0,0,1
John Millman,Federico Delbonis,2019,7,0,28,0,157,0,0,0,0,1,0,0,29.201915999999997,0,0,11,3,115,80,65,15,19,8,11,0,27.797399,0,0,6,2,119,72,46,26,19,4,9,1,0,0,0,1
Novak Djokovic,Lucas Pouille,2019,7,0,28,0,83,0,0,0,0,1,1,0,31.266256,0,0,6,0,53,38,32,13,11,0,0,0,24.544832,0,0,4,3,74,40,27,9,11,5,12,1,0,0,0,1
Marcos Baghdatis,Lucas Pouille,2019,4,0,28,0,160,0,0,0,0,1,1,0,33.193703,0,0,9,7,128,85,54,19,17,7,12,0,24.544832,0,0,12,7,115,60,46,25,17,7,11,1,0,1,0,0
John Millman,Marcel Granollers,2019,25,0,32,0,85,0,0,0,0,1,1,0,29.201915999999997,0,0,0,4,52,32,22,6,9,4,8,0,31.071869,0,0,3,1,55,32,25,12,10,2,4,1,0,0,0,1
Marius Copil,Marcel Granollers,2019,7,0,28,0,105,0,0,0,0,1,1,0,27.86037,0,0,11,3,88,53,47,15,15,4,5,0,31.071869,0,0,10,3,76,45,34,13,14,0,4,1,0,0,0,1
Benoit Paire,Simone Bolelli,2019,18,0,32,0,82,0,0,0,0,1,1,0,29.341547,0,0,1,1,63,46,28,10,11,2,5,0,30.354552,0,0,12,4,65,31,27,18,11,1,3,1,0,1,0,0
Tatsuma Ito,Simone Bolelli,2019,7,0,28,0,120,0,0,0,0,1,1,0,26.806296999999997,0,0,9,5,85,56,39,15,14,6,8,0,30.354552,0,0,7,2,83,66,39,12,13,0,3,1,0,0,0,1
Ernests Gulbis,Sergiy Stakhovsky,2019,4,0,28,0,79,0,0,0,0,1,1,0,27.824778000000002,0,0,5,1,55,32,25,10,9,0,2,0,31.775496,0,0,6,2,55,34,26,14,10,0,0,1,0,0,0,1
Daniel Brands,Sergiy Stakhovsky,2019,4,0,28,0,89,0,0,0,0,1,1,0,26.666666999999997,0,0,13,2,80,52,37,11,11,4,8,0,31.775496,0,0,8,4,78,43,31,19,11,3,6,1,0,0,0,1
Daniel Brands,Nikoloz Basilashvili,2019,4,0,28,0,92,0,0,0,0,1,1,0,26.666666999999997,0,0,7,10,88,48,37,17,12,5,8,0,26.565365999999997,0,0,11,4,76,52,36,15,12,4,6,1,0,0,0,1
Malek Jaziri,Carlos Berlocq,2019,14,0,128,0,168,0,0,0,0,1,1,0,34.562628000000004,0,0,2,2,109,68,37,21,16,3,9,0,34.546201,0,0,2,6,105,48,30,28,15,2,7,1,0,0,0,1
Dustin Brown,Carlos Berlocq,2019,7,0,28,0,112,0,0,0,0,1,1,0,32.605065,0,0,5,6,82,46,42,11,14,5,7,0,34.546201,0,0,3,6,94,61,39,18,14,8,12,1,0,0,0,1
Santiago Giraldo,James Ward,2019,20,0,96,0,88,0,0,0,0,1,1,0,29.6564,0,0,2,0,66,45,33,13,10,3,3,0,27.980835,0,0,5,0,60,33,24,15,10,3,5,1,0,0,0,1
Lukas Rosol,Thomaz Bellucci,2019,7,0,28,0,112,0,0,0,0,1,0,0,31.233402,0,0,9,0,93,61,39,20,14,6,8,0,29.585216,0,0,7,2,78,55,40,12,13,4,6,1,0,0,0,1
Martin Klizan,Daniel Brands,2019,4,0,28,0,99,0,0,0,0,0,1,0,29.185489,0,0,5,2,78,51,33,13,11,4,6,0,26.666666999999997,0,0,6,3,71,47,35,13,11,1,2,1,0,0,0,1
Alessandro Giannessi,Joao Souza,2019,25,0,32,0,94,0,0,0,0,0,1,0,27.132101000000002,0,0,4,1,61,47,35,11,10,0,0,0,26.992471000000002,0,0,8,2,70,53,38,7,11,2,4,1,0,0,0,1
Sergiy Stakhovsky,Kenny De Schepper,2019,7,0,28,0,107,0,0,0,0,1,0,0,31.775496,0,0,4,3,93,70,46,12,14,8,11,0,27.644078999999998,0,0,6,3,83,58,36,13,14,6,11,1,0,0,0,1
