	First Name	Last Name	Country	Ranking	Age	Favorite Surface	Best Rank	Best Season	Last Appearance	Seasons	Retired	Prize Money	Win	ATP 250	ATP 500	Masters	Tour Finals	Grand Slam	Grand Slams	Round of 128	Round of 64	Round of 32	Round of 16	Quarter-Final	Semi-Final	Final	Vs No. 1	Vs Top 5	Vs Top 10	Vs Top 20	Vs Top 50	Vs Top 100	Matches Played	Matches Won %	Matches Won	After Losing 1st Set	After Winning 1st Set	Sets Played	Sets Won %	Sets Won	Sets per Match	Sets to Matches Ov.-Perf.	Deciding Set	Games per Match	Games per Set	Games Won %	Games Dominance	Service Games Won %	Rtn. Gms. Won per Match	Rtn. Gms. Won per Set	Return Games Won %	Total Games Played	Total Games Won	Gms. to Matches Ov.-Perf.	Gms. to Sets Over-Perf.	Svc. Gms. Lost per Match	Svc. Gms. Lost per Set	Points per Match	Points per Set	Points per Game	Points per Return Game	Points per Service Game	Points Dominance	Service Points Won %	Rtn. In-play Pts. Won %	Rtn. to Svc. Points Ratio	S. Pts. to S. Gms. Ov.-Perf.	Pts. Lost per Svc. Game	Pts. Won per Rtn. Game	Pts. to Gms. Over-Perf.	Pts. to Matches Over-Perf.	Pts. to Sets Over-Perf.	Pts. to TBs. Over-Perf.	R. Pts. to R. Gms. Ov.-Perf.	Return Points Won %	Svc. In-play Pts. Won %	Total Points Played	Total Points Won	Total Points Won %	Best of 5	Best of 5: 0:0	Best of 5: 0:1	Best of 5: 0:2	Best of 5: 0:3	Best of 5: 0:4	Best of 5: 1:0	Best of 5: 1:2	Best of 5: 1:3	Best of 5: 1:4	Best of 5: 2:0	Best of 5: 2:1	Best of 5: 2:2	Fifth Set	Match Time	Set Time (minutes)	Game Time (minutes)	Point Time (seconds)	Ace %	Aces	Aces per Match	Aces per Set	Aces per Svc. Game	Aces / DFs Ratio	Ace Against %	Ace Against	1st Serve %	1st Serve Won %	1st Srv. Return Won %	2nd Serve Won %	2nd Srv. Return Won %	Double Fault %	Double Faults	Double Fault Against %	Double Faults Against	DFs per Match	DFs per Set	DFs per Svc. Game	DFs per 2nd Serve %	BPs per Match	BPs Faced per Match	BPs per Set	BPs Faced per Set	BPs per Svc. Game	BPs per Return Game	Break Points Won %	Break Points Saved %	Break Points Ratio	BPs Conv. Over-Perf.	BPs Over-Performing	BPs Saved Over-Perf.	Tie Breaks	Tie Breaks Played	Tie Breaks Won	Tie Breaks Won %	Tie Breaks per Match	Tie Breaks per Set %	Deciding Set Tie Breaks	Upsets	Upsets %	Upsets scored	Upsets scored %	Upsets against	Upsets against %	Very Slow	Slow	Medium	Medium Slow	Medium Fast	Fast	Very Fast	Carpet	Clay	Grass	Indoor	Outdoor	Hard	H2H %	Titles	Round-Robin	Alt. Finals	Opponent Rank
0	Novak	Djokovic	Serbia	1.0	31	Fast	1	2015.0	29-10-2018	15.0	0.0	US$	30.9%	77.3%	85.7%	82.0%	73.8%	86.3%	14.0	1.3%	5.2%	8.6%	10.3%	12.4%	15.9%	13.7%	41.9%	60.1%	68.3%	71.9%	78.8%	81.8%	1006.0	82.7%	832.0	42.2%	96.2%	2651.0	75.7%	2007.0	2.64	1.09	74.4%	24.9	9.44	59.1%	2.23	85.6%	3.9	1.49	32.1%	25013.0	14792.0	1.4	1.28	1.8	0.69	158.4	60.5	6.42	6.65	6.19	1.28	67.0%	42.8%	1.04	1.28	2.04	2.8	1.09	1.52	1.39	1.17	0.76	42.1%	66.6%	152974.0	83083.0	54.3%	85.7%	0	0	0	5.0%	0	0	0	5.0%	0	0	0	0	76.3%	1:50	42.2	4.48	41.9	7.0%	5206.0	5.4	2.06	0.43	2.38	6.2%	4829.0	64.9%	73.4%	33.7%	55.3%	55.1%	2.9%	2183.0	3.5%	2724.0	2.3	0.86	0.18	8.3%	8.8	5.2	3.38	1.99	0.42	0.73	44.2%	65.4%	1.28	1.05	0.96	0.98	63.6%	365.0	232.0	63.6%	0.36	13.8%	71.4%	177.0	17.6%	58.0	5.8%	119.0	11.8%	75.7%	73.8%	86.9%	83.7%	82.3%	81.3%	83.2%	69.2%	79.4%	83.0%	76.4%	83.8%	84.3%	95.2%	72.0	1.3%	0	23.0
1	Rafael	Nadal	Spain	2.0	32	Clay	1	2013.0	27-08-2018	17.0	0.0	US$$103,251,975	30.1%	74.1%	87.2%	82.5%	55.2%	87.3%	17.0	0.8%	4.1%	9.8%	9.0%	17.7%	13.9%	13.5%	52.8%	60.2%	65.6%	71.8%	77.5%	82.0%	1107.0	82.9%	918.0	43.0%	94.9%	2821.0	77.3%	2180.0	2.55	1.07	68.6%	23.8	9.34	59.7%	2.29	85.5%	3.9	1.55	33.3%	26361.0	15725.0	1.39	1.3	1.7	0.68	150.2	59.3	6.33	6.57	6.12	1.29	67.2%	43.6%	1.07	1.27	2.01	2.79	1.1	1.52	1.42	1.12	0.78	42.4%	67.3%	162411.0	88359.0	54.4%	88.0%	0	0	0	3.9%	0	0	0	3.9%	0	0	0	0	65.6%	1:52	44.4	4.74	44.9	4.0%	3174.0	2.9	1.16	0.25	1.88	7.2%	6053.0	68.6%	71.8%	34.2%	57.2%	55.2%	2.2%	1691.0	3.4%	2873.0	1.6	0.62	0.13	6.9%	8.7	5.1	3.45	2.01	0.43	0.74	44.9%	66.3%	1.33	1.06	0.97	0.99	60.9%	371.0	226.0	60.9%	0.34	13.2%	52.9%	195.0	17.6%	54.0	4.9%	141.0	12.7%	94.2%	93.2%	85.2%	89.8%	77.3%	77.1%	73.2%	25.0%	92.0%	77.6%	65.4%	84.7%	77.3%	96.7%	80.0	1.1%	0	27.0
2	Roger	Federer	Switzerland	3.0	37	Grass	1	2006.0	29-10-2018	21.0	0.0	US$117,773,812	28.6%	80.6%	86.7%	77.8%	80.9%	86.3%	20.0	2.0%	6.1%	10.4%	10.4%	12.7%	14.5%	15.0%	34.5%	59.6%	65.4%	70.5%	78.0%	80.9%	1436.0	82.0%	1178.0	41.3%	93.3%	3802.0	76.0%	2890.0	2.65	1.08	64.9%	25.6	9.67	58.1%	2.37	88.7%	3.4	1.28	26.8%	36760.0	21371.0	1.41	1.31	1.4	0.55	160.8	61.3	6.34	6.63	6.06	1.31	69.5%	40.0%	1.07	1.28	1.85	2.64	1.07	1.51	1.4	1.2	0.67	39.8%	67.9%	220782.0	119554.0	54.2%	84.9%	0	0	0	5.2%	0	0	0	5.5%	0	0	0	0	58.0%	1:39	37.9	3.92	37.1	10.1%	10739.0	7.8	2.98	0.61	4.12	5.8%	6640.0	62.0%	77.3%	32.5%	56.7%	51.0%	2.4%	2606.0	3.6%	4063.0	1.9	0.72	0.15	6.4%	8.2	4.4	3.11	1.68	0.34	0.65	41.2%	67.1%	1.25	1.03	0.93	0.97	65.0%	669.0	435.0	65.0%	0.47	17.6%	55.0%	256.0	17.8%	75.0	5.2%	181.0	12.6%	77.4%	76.2%	80.8%	80.2%	84.7%	83.1%	83.5%	72.5%	75.9%	87.1%	80.3%	82.5%	83.6%	92.0%	99.0	0.3%	0	27.0
3	Alexander	Zverev	Germany	5.0	21	Clay	3	2017.0	29-10-2018	6.0	0.0	US$	9.8%	67.2%	67.1%	69.2%	33.3%	61.1%	0.0	3.3%	10.9%	29.3%	16.3%	10.9%	13.0%	5.4%	0.0%	43.8%	41.7%	47.1%	58.3%	62.7%	257.0	65.8%	169.0	35.5%	82.9%	675.0	60.9%	411.0	2.63	1.08	59.8%	25.5	9.71	52.9%	1.33	81.6%	3.1	1.18	24.4%	6555.0	3467.0	1.24	1.15	2.3	0.89	161.2	61.4	6.31	6.37	6.29	1.08	64.9%	37.9%	1.01	1.26	2.21	2.41	1.03	1.28	1.19	1.08	0.64	37.9%	64.7%	40938.0	21001.0	51.3%	57.1%	0	0	0	9.5%	0	0	0	19.0%	0	0	0	0	53.8%	1:43	39.3	4.04	38.4	9.0%	1826.0	7.2	2.74	0.56	1.92	5.9%	1206.0	62.5%	72.9%	29.7%	51.4%	50.7%	4.7%	952.0	3.6%	749.0	3.7	1.43	0.29	12.5%	7.3	6.0	2.78	2.28	0.47	0.57	42.5%	60.9%	1.09	1.12	0.99	0.94	55.3%	103.0	57.0	55.3%	0.4	15.3%	88.9%	77.0	30.0%	38.0	14.8%	39.0	15.2%	66.7%	72.7%	72.3%	56.0%	78.9%	65.4%	53.6%	0	70.7%	66.7%	58.7%	67.3%	62.7%	60.6%	9.0	1.1%	0	36.0
4	Kevin	Anderson	South	6.0	32	Fast	5	2018.0	29-10-2018	12.0	0.0	US$13,486,136	2.3%	60.0%	58.1%	53.8%	0	64.2%	0.0	6.8%	13.1%	27.9%	23.4%	16.2%	4.5%	5.9%	0.0%	28.9%	19.7%	30.6%	45.0%	54.4%	534.0	59.2%	316.0	29.8%	84.1%	1404.0	56.2%	789.0	2.63	1.05	56.9%	26.5	10.09	51.9%	1.24	86.7%	2.2	0.82	16.5%	14162.0	7356.0	1.14	1.08	1.8	0.67	165.6	63.4	6.27	6.41	6.19	1.09	68.5%	34.5%	1.02	1.27	1.95	2.2	1.01	1.16	1.1	1.06	0.48	34.4%	65.6%	86952.0	44535.0	51.2%	65.8%	0	0	0	16.2%	0	0	0	8.1%	0	0	0	0	58.3%	1:50	42.1	4.17	39.9	15.4%	6615.0	12.6	4.82	0.95	4.19	7.3%	3191.0	64.6%	76.8%	26.4%	53.2%	46.9%	3.7%	1580.0	3.7%	1615.0	3.0	1.15	0.23	10.4%	6.0	5.1	2.29	1.97	0.39	0.46	36.0%	66.0%	1.06	1.05	0.97	0.96	54.4%	342.0	186.0	54.4%	0.64	24.4%	59.5%	163.0	30.5%	69.0	12.9%	94.0	17.6%	33.3%	50.0%	59.6%	61.0%	53.7%	58.0%	63.5%	0	53.4%	59.0%	53.0%	60.0%	60.8%	60.9%	5.0	0	0	39.0
5	John	Isner	United	10.0	33	Fast	8	2018.0	29-10-2018	12.0	0.0	US$15,745,397	5.8%	67.6%	55.3%	59.6%	0	63.5%	0.0	4.2%	10.4%	29.6%	21.3%	15.0%	8.8%	5.0%	20.0%	21.7%	29.6%	37.3%	46.1%	58.3%	631.0	62.1%	392.0	30.8%	84.7%	1712.0	58.9%	1008.0	2.71	1.06	57.4%	28.8	10.63	51.4%	1.27	91.7%	1.5	0.56	10.5%	18196.0	9346.0	1.21	1.15	1.2	0.44	177.3	66.0	6.21	6.24	6.19	1.05	71.5%	29.9%	1.0	1.28	1.76	1.86	1.01	1.23	1.16	1.21	0.35	29.9%	66.4%	108506.0	55020.0	50.7%	61.0%	0	0	0	12.0%	0	0	0	12.8%	0	0	0	0	35.7%	1:49	40.8	3.83	37.0	20.3%	11025.0	18.0	6.71	1.26	7.91	8.9%	4818.0	68.9%	78.4%	22.6%	56.1%	42.0%	2.6%	1394.0	3.7%	2004.0	2.3	0.85	0.16	8.2%	4.9	4.1	1.81	1.53	0.29	0.34	30.8%	70.9%	1.06	1.03	0.97	0.99	61.3%	641.0	393.0	61.3%	1.02	37.4%	55.8%	208.0	33.0%	72.0	11.4%	136.0	21.6%	25.0%	33.3%	65.6%	67.8%	63.6%	61.1%	58.0%	0	54.0%	65.7%	56.1%	63.0%	63.9%	63.2%	14.0	0	0	41.0
6	Fabio	Fognini	Italy	13.0	31	Clay	13	2013.0	29-10-2018	14.0	0.0	US$10,800,346	2.8%	56.6%	55.8%	44.7%	0	52.8%	0.0	7.4%	18.0%	30.7%	21.9%	8.5%	7.1%	3.5%	11.1%	12.5%	17.9%	24.8%	40.3%	47.7%	607.0	53.7%	326.0	27.4%	82.7%	1578.0	51.6%	815.0	2.6	1.04	58.5%	24.6	9.45	49.7%	0.97	71.7%	3.3	1.3	27.4%	14911.0	7408.0	1.08	1.04	3.4	1.33	157.5	61.2	6.48	6.41	6.57	0.98	59.6%	39.4%	0.98	1.2	2.66	2.53	1.0	1.08	1.04	1.09	0.7	39.4%	61.0%	91810.0	45530.0	49.6%	56.1%	0	0	0	20.9%	0	0	0	12.7%	0	0	0	0	55.2%	1:39	38.6	4.08	37.8	4.0%	1849.0	3.2	1.23	0.26	0.81	5.6%	2567.0	59.0%	67.4%	31.9%	48.3%	50.9%	4.9%	2288.0	3.7%	1687.0	3.9	1.53	0.32	12.1%	7.8	7.9	3.02	3.06	0.65	0.64	43.0%	56.7%	0.99	1.09	1.01	0.95	54.1%	207.0	112.0	54.1%	0.34	13.1%	62.5%	191.0	31.5%	79.0	13.0%	112.0	18.5%	60.0%	54.7%	55.9%	57.9%	40.8%	55.4%	41.9%	0.0%	58.9%	50.0%	44.4%	54.8%	47.1%	48.1%	8.0	0	0	45.0
7	Richard	Gasquet	France	26.0	32	Grass	7	2013.0	29-10-2018	17.0	0.0	US$16,785,320	4.8%	69.7%	58.0%	57.5%	16.7%	65.6%	0.0	6.1%	8.4%	25.1%	25.7%	14.1%	10.0%	5.1%	5.9%	13.8%	24.4%	32.9%	49.3%	58.2%	823.0	63.2%	520.0	26.7%	87.6%	2089.0	60.6%	1266.0	2.54	1.04	58.8%	24.3	9.57	53.8%	1.42	82.2%	3.0	1.2	25.2%	19997.0	10764.0	1.17	1.13	2.2	0.86	152.4	60.6	6.33	6.45	6.21	1.12	65.6%	39.8%	1.02	1.25	2.14	2.48	1.04	1.22	1.17	1.04	0.66	38.5%	65.1%	122524.0	63588.0	51.9%	65.0%	0	0	0	18.6%	0	0	0	8.7%	0	0	0	0	43.5%	1:37	38.8	4.06	38.4	7.2%	4378.0	5.4	2.16	0.45	2.33	8.3%	5150.0	61.8%	73.1%	30.5%	53.4%	50.9%	3.1%	1877.0	3.4%	2075.0	2.3	0.93	0.19	8.1%	7.3	5.5	2.9	2.19	0.46	0.61	41.3%	60.9%	1.06	1.07	0.96	0.93	54.1%	333.0	180.0	54.1%	0.4	15.9%	60.0%	237.0	28.8%	96.0	11.7%	141.0	17.1%	65.9%	56.3%	66.0%	64.0%	64.7%	66.5%	57.1%	56.3%	63.1%	68.0%	62.4%	63.4%	62.4%	69.5%	15.0	0.6%	0	36.0
8	Fernando	Verdasco	Spain	28.0	35	Clay	7	2010.0	29-10-2018	17.0	0.0	US$15,868,063	1.8%	60.2%	57.1%	50.2%	0.0%	62.7%	0.0	3.3%	16.5%	30.6%	23.7%	13.1%	6.7%	4.1%	0.0%	18.4%	21.3%	30.7%	43.3%	52.1%	908.0	57.3%	520.0	26.5%	82.7%	2375.0	55.6%	1320.0	2.62	1.03	50.6%	25.3	9.67	52.3%	1.24	80.5%	3.0	1.17	24.1%	22974.0	12025.0	1.09	1.06	2.4	0.94	161.7	62.1	6.42	6.51	6.33	1.08	64.4%	38.4%	1.03	1.25	2.25	2.49	1.02	1.12	1.09	0.96	0.63	38.3%	65.3%	144413.0	73860.0	51.1%	61.6%	0	0	0	15.0%	0	0	0	11.6%	0	0	0	0	53.3%	1:46	41.0	4.24	39.6	6.8%	4813.0	5.4	2.07	0.43	1.36	5.8%	4282.0	67.3%	70.8%	30.6%	51.2%	50.6%	5.0%	3552.0	3.5%	2570.0	4.0	1.53	0.32	15.3%	7.5	6.5	2.87	2.52	0.52	0.59	40.7%	62.6%	1.09	1.06	1.0	0.97	49.0%	414.0	203.0	49.0%	0.46	17.4%	35.9%	297.0	32.7%	114.0	12.6%	183.0	20.2%	60.0%	57.1%	62.4%	58.6%	60.6%	51.7%	46.4%	52.9%	62.2%	54.8%	51.4%	58.4%	54.0%	60.4%	7.0	0.3%	0	38.0
9	Gael	Monfils	France	29.0	32	All-Rounder	6	2016.0	22-10-2018	15.0	0.0	US$14,195,480	2.7%	65.0%	63.9%	56.0%	0.0%	67.8%	0.0	3.5%	14.3%	27.0%	17.8%	14.7%	11.6%	8.1%	5.6%	21.4%	29.9%	39.1%	53.2%	59.5%	692.0	63.6%	440.0	25.9%	87.1%	1803.0	61.3%	1105.0	2.61	1.04	55.6%	25.3	9.71	52.8%	1.29	80.7%	3.1	1.21	24.9%	17510.0	9253.0	1.2	1.16	2.4	0.93	161.2	62.1	6.4	6.48	6.33	1.08	64.3%	38.0%	1.03	1.26	2.26	2.49	1.03	1.24	1.2	1.13	0.65	38.5%	63.2%	109460.0	56054.0	51.2%	68.8%	0	0	0	9.9%	0	0	0	10.6%	0	0	0	0	53.3%	1:43	40.1	4.13	38.7	10.5%	5689.0	8.4	3.23	0.67	2.39	4.1%	2289.0	62.1%	73.0%	31.9%	49.9%	49.1%	4.4%	2378.0	3.2%	1788.0	3.5	1.35	0.28	11.6%	7.6	6.3	2.92	2.41	0.5	0.6	41.4%	61.3%	1.07	1.08	0.98	0.95	57.8%	306.0	177.0	57.8%	0.44	17.0%	44.8%	219.0	31.6%	109.0	15.8%	110.0	15.9%	47.8%	51.7%	63.9%	68.0%	62.9%	62.0%	65.1%	60.0%	61.3%	60.9%	65.4%	63.1%	65.1%	69.9%	7.0	0.4%	0	36.0
10	Gilles	Simon	France	30.0	33	All-Rounder	6	2008.0	29-10-2018	15.0	0.0	US$13,365,238	4.2%	61.4%	52.4%	55.0%	50.0%	62.1%	0.0	3.9%	10.9%	32.6%	24.8%	13.3%	7.9%	2.1%	25.0%	17.2%	26.1%	32.3%	43.8%	53.8%	781.0	58.1%	454.0	27.2%	86.7%	2028.0	55.0%	1115.0	2.6	1.06	60.8%	24.9	9.57	51.8%	1.15	76.5%	3.3	1.29	27.0%	19414.0	10055.0	1.12	1.06	2.9	1.13	161.3	62.5	6.53	6.55	6.51	1.05	61.9%	40.5%	1.0	1.24	2.48	2.61	1.02	1.14	1.08	0.97	0.68	39.9%	61.5%	123426.0	62823.0	50.9%	59.6%	0	0	0	22.0%	0	0	0	9.9%	0	0	0	0	61.3%	1:47	41.5	4.34	39.8	5.4%	3352.0	4.4	1.7	0.35	1.97	6.3%	3902.0	57.0%	69.5%	31.3%	51.8%	52.7%	2.8%	1704.0	3.3%	2045.0	2.2	0.86	0.18	6.4%	7.8	7.4	3.01	2.85	0.59	0.63	42.8%	60.4%	1.08	1.07	1.01	0.98	49.4%	316.0	156.0	49.4%	0.4	15.6%	51.4%	266.0	34.1%	90.0	11.5%	176.0	22.5%	52.2%	64.0%	60.7%	56.1%	57.5%	54.9%	60.2%	36.4%	57.9%	55.8%	60.4%	57.4%	59.2%	59.7%	14.0	0.3%	0	39.0
11	Philipp	Kohlschreiber	Germany	35.0	35	Grass	16	2012.0	29-10-2018	17.0	0.0	US$11,670,021	2.3%	62.3%	52.3%	48.8%	0	55.1%	0.0	6.7%	14.9%	27.8%	23.4%	15.2%	6.4%	2.9%	0.0%	15.6%	20.3%	27.7%	43.0%	52.4%	794.0	56.3%	447.0	19.1%	84.4%	2012.0	55.0%	1106.0	2.53	1.02	53.8%	24.6	9.72	52.0%	1.23	81.7%	2.7	1.09	22.4%	19558.0	10165.0	1.08	1.06	2.2	0.88	154.9	61.8	6.36	6.41	6.32	1.06	65.0%	38.1%	1.02	1.26	2.21	2.38	1.02	1.11	1.08	0.99	0.6	37.2%	64.1%	118977.0	60603.0	50.9%	55.6%	0	0	0	21.8%	0	0	0	14.8%	0	0	0	0	59.3%	1:39	39.6	4.08	38.5	7.4%	4336.0	5.6	2.25	0.47	2.65	7.7%	4607.0	60.4%	72.3%	29.3%	53.8%	49.8%	2.8%	1635.0	3.3%	2011.0	2.1	0.85	0.18	7.0%	6.8	6.0	2.7	2.38	0.49	0.55	40.4%	62.9%	1.09	1.09	1.0	0.97	50.6%	362.0	183.0	50.6%	0.46	18.0%	55.6%	251.0	31.7%	112.0	14.1%	139.0	17.6%	53.8%	51.0%	61.1%	52.4%	60.8%	50.7%	57.6%	45.5%	57.2%	62.4%	52.1%	57.2%	54.5%	61.2%	8.0	0.3%	0	38.0
12	Andreas	Seppi	Italy	38.0	34	Grass	18	2012.0	22-10-2018	16.0	0.0	US$	0.8%	52.4%	43.4%	43.1%	0	50.0%	0.0	7.9%	18.6%	36.9%	18.3%	10.1%	5.9%	1.4%	0.0%	9.4%	9.9%	20.1%	30.7%	42.8%	723.0	48.5%	351.0	21.1%	82.9%	1887.0	47.7%	900.0	2.61	1.02	54.2%	25.4	9.74	49.7%	0.97	76.2%	2.9	1.14	23.2%	18380.0	9126.0	0.98	0.96	3.0	1.15	161.8	63.0	6.45	6.45	6.46	0.99	62.0%	38.6%	1.01	1.23	2.45	2.44	1.0	0.97	0.96	0.89	0.61	37.8%	61.8%	111619.0	55615.0	49.8%	49.6%	0	0	0	26.1%	0	0	0	13.0%	0	0	0	0	56.4%	1:43	40.5	4.15	38.6	6.0%	3332.0	4.8	1.88	0.39	1.75	8.1%	4521.0	58.2%	70.5%	29.5%	50.1%	50.1%	3.4%	1902.0	3.8%	2114.0	2.8	1.07	0.22	8.2%	7.2	7.3	2.81	2.86	0.59	0.57	40.4%	59.7%	1.0	1.07	1.01	0.96	44.3%	307.0	136.0	44.3%	0.42	16.3%	52.9%	228.0	31.5%	106.0	14.7%	122.0	16.9%	46.2%	58.1%	47.6%	48.9%	45.8%	51.5%	44.2%	28.6%	51.0%	56.7%	45.8%	49.2%	45.5%	44.0%	3.0	0	0	41.0
13	Jeremy	Chardy	France	42.0	31	None	25	2009.0	29-10-2018	13.0	0.0	$7,613,436	0.4%	51.0%	45.7%	45.3%	0	53.3%	0.0	6.8%	22.3%	33.1%	20.7%	12.0%	4.0%	0.8%	0.0%	8.8%	16.7%	25.6%	35.1%	45.0%	500.0	49.6%	248.0	16.9%	86.7%	1267.0	48.9%	620.0	2.53	1.01	52.2%	24.9	9.85	49.9%	1.0	80.9%	2.4	0.94	19.1%	12474.0	6219.0	0.99	0.98	2.4	0.94	158.7	62.8	6.37	6.38	6.37	1.0	64.5%	36.2%	1.01	1.25	2.26	2.27	1.0	0.99	0.98	0.97	0.54	35.5%	64.3%	78696.0	39316.0	50.0%	54.2%	0	0	0	28.7%	0	0	0	13.8%	0	0	0	0	73.3%	1:39	39.3	3.99	37.6	10.2%	4005.0	8.1	3.19	0.65	1.92	8.7%	3429.0	59.8%	74.5%	27.4%	49.6%	48.4%	5.3%	2082.0	3.9%	1540.0	4.2	1.66	0.34	13.2%	6.3	6.4	2.51	2.53	0.51	0.51	37.5%	62.9%	1.01	1.06	1.01	0.97	48.6%	253.0	123.0	48.6%	0.51	20.0%	57.1%	182.0	36.4%	93.0	18.6%	89.0	17.8%	50.0%	42.9%	51.0%	46.9%	51.6%	51.9%	44.8%	0	53.1%	49.1%	44.6%	50.5%	47.4%	39.4%	1.0	0	0	40.0
14	Malek	Jaziri	Tunisia	46.0	34	Slow	46	0.0	29-10-2018	11.0	0.0	US$3,167,837	0	37.2%	50.0%	45.5%	0	34.4%	0.0	12.7%	17.3%	43.6%	15.5%	7.3%	2.7%	0.9%	0.0%	30.0%	20.0%	14.3%	19.3%	33.3%	202.0	42.6%	86.0	17.9%	73.3%	540.0	44.6%	241.0	2.67	0.95	47.8%	25.6	9.58	47.7%	0.79	76.3%	2.4	0.9	18.7%	5171.0	2466.0	0.89	0.94	3.0	1.13	162.5	61.9	6.46	6.29	6.65	0.9	61.2%	35.8%	0.95	1.25	2.58	2.2	0.98	0.88	0.92	0.89	0.53	35.0%	61.5%	30711.0	14874.0	48.4%	43.5%	0	0	0	28.3%	0	0	0	13.0%	0	0	0	0	50.0%	1:48	41.3	4.31	40.0	5.4%	850.0	4.5	1.71	0.36	1.4	9.6%	1438.0	53.6%	71.7%	26.0%	49.1%	48.5%	3.9%	607.0	4.1%	614.0	3.2	1.22	0.26	8.3%	6.4	7.9	2.44	3.0	0.63	0.51	36.9%	62.2%	0.98	1.05	1.05	1.02	43.2%	81.0	35.0	43.2%	0.4	15.0%	50.0%	68.0	33.8%	40.0	19.9%	28.0	13.9%	66.7%	42.9%	27.3%	38.5%	39.6%	42.2%	41.5%	50.0%	47.5%	30.8%	32.1%	44.3%	42.4%	3.8%	0.0	0	0	59.0
15	Robin	Haase	Netherlands	50.0	31	Clay	33	2012.0	29-10-2018	12.0	0.0	$6,230,092	0.9%	51.8%	39.1%	40.3%	0	31.6%	0.0	13.6%	18.7%	33.6%	17.4%	9.4%	5.1%	1.3%	0.0%	12.5%	20.0%	25.6%	30.6%	38.2%	454.0	46.5%	211.0	21.7%	75.2%	1204.0	47.1%	567.0	2.65	0.99	49.2%	25.8	9.73	49.6%	0.93	77.7%	2.6	1.02	20.8%	11715.0	5808.0	0.94	0.95	2.8	1.09	162.3	62.4	6.4	6.34	6.46	0.97	62.7%	36.6%	0.99	1.24	2.41	2.29	1.0	0.94	0.95	0.81	0.58	36.1%	61.7%	69131.0	34183.0	49.4%	41.5%	0	0	0	26.3%	0	0	0	17.5%	0	0	0	0	45.0%	1:42	39.5	4.05	37.9	7.9%	2763.0	6.5	2.5	0.51	2.36	7.2%	2458.0	59.5%	71.6%	28.5%	49.5%	48.2%	3.4%	1169.0	3.3%	1146.0	2.7	1.06	0.22	8.3%	6.7	7.1	2.58	2.72	0.56	0.53	39.5%	60.1%	0.99	1.1	1.01	0.96	40.1%	202.0	81.0	40.1%	0.44	16.8%	26.3%	163.0	36.0%	85.0	18.8%	78.0	17.2%	33.3%	51.9%	42.6%	48.6%	47.1%	49.4%	33.3%	50.0%	51.5%	40.0%	41.2%	47.7%	44.1%	32.1%	2.0	0	0	52.0
16	Leonardo	Mayer	Argentina	56.0	31	Clay	21	2014.0	22-10-2018	11.0	0.0	US$5,624,914	1.2%	46.9%	50.0%	45.1%	0	46.8%	0.0	11.8%	14.7%	35.9%	22.9%	10.0%	1.8%	1.8%	0.0%	0.0%	6.3%	12.5%	34.7%	43.5%	333.0	48.9%	163.0	21.1%	78.4%	867.0	50.5%	438.0	2.6	0.97	42.0%	25.6	9.83	50.0%	0.99	81.8%	2.3	0.88	18.0%	8521.0	4262.0	0.98	1.01	2.3	0.89	160.0	62.2	6.34	6.4	6.29	1.01	65.4%	34.9%	1.02	1.25	2.18	2.24	1.0	0.98	1.01	1.04	0.51	35.0%	65.3%	51504.0	25785.0	50.1%	52.0%	0	0	0	28.8%	0	0	0	13.7%	0	0	0	0	42.9%	1:46	41.5	4.23	40.0	7.9%	2025.0	6.3	2.45	0.5	1.89	5.9%	1536.0	61.4%	73.4%	27.0%	52.5%	48.1%	4.2%	1070.0	3.3%	861.0	3.3	1.29	0.26	10.9%	6.1	6.0	2.38	2.34	0.48	0.49	37.0%	62.0%	0.97	1.06	0.99	0.95	52.2%	182.0	95.0	52.2%	0.55	21.0%	50.0%	133.0	39.9%	73.0	21.9%	60.0	18.0%	50.0%	54.5%	53.6%	47.8%	49.1%	43.8%	41.2%	0	55.3%	45.5%	34.4%	50.5%	43.2%	29.3%	2.0	0	0	45.0
17	Feliciano	Lopez	Spain	64.0	37	Grass	12	2004.0	29-10-2018	20.0	0.0	US$	1.4%	53.6%	55.1%	46.1%	0	57.8%	0.0	6.6%	19.3%	32.5%	20.9%	12.0%	4.7%	2.6%	14.3%	19.1%	29.5%	34.1%	42.2%	47.9%	902.0	52.5%	474.0	24.1%	80.6%	2342.0	51.0%	1194.0	2.6	1.03	55.6%	26.1	10.06	49.7%	0.97	83.9%	2.0	0.79	15.6%	23550.0	11693.0	1.06	1.03	2.1	0.81	164.2	63.4	6.31	6.26	6.36	0.98	66.0%	34.1%	0.99	1.27	2.16	2.08	1.0	1.06	1.03	1.1	0.47	33.3%	64.1%	144825.0	72004.0	49.7%	58.2%	0	0	0	23.3%	0	0	0	12.3%	0	0	0	0	67.6%	1:43	40.0	3.98	37.8	12.6%	9153.0	10.4	4.01	0.8	3.1	9.5%	6829.0	58.8%	76.0%	26.4%	51.6%	44.4%	4.1%	2955.0	3.6%	2606.0	3.4	1.29	0.26	9.8%	5.7	6.1	2.21	2.34	0.47	0.44	35.6%	65.5%	1.03	1.07	1.03	0.99	54.6%	551.0	301.0	54.6%	0.61	23.5%	48.1%	354.0	39.2%	144.0	16.0%	210.0	23.3%	41.9%	41.2%	49.4%	51.9%	51.2%	57.9%	55.2%	47.8%	50.0%	65.0%	48.1%	53.5%	51.2%	51.2%	6.0	100.0%	0	39.0
18	Stan	Wawrinka	Switzerland	66.0	33	Slow	3	2015.0	07-10-2018	16.0	0.0	US$31,378,297	5.7%	62.6%	61.0%	59.3%	46.7%	72.4%	3.0	3.6%	12.1%	27.9%	22.1%	13.2%	10.7%	4.3%	16.0%	20.9%	37.1%	42.7%	55.7%	61.1%	761.0	63.3%	482.0	33.5%	84.8%	2080.0	60.0%	1247.0	2.73	1.06	58.2%	26.8	9.8	53.0%	1.32	82.5%	3.0	1.12	23.1%	20394.0	10811.0	1.19	1.13	2.3	0.87	169.5	63.2	6.44	6.52	6.37	1.08	65.1%	37.6%	1.01	1.27	2.22	2.46	1.03	1.23	1.17	1.03	0.61	37.7%	64.2%	122719.0	63040.0	51.4%	71.0%	0	0	0	10.4%	0	0	0	8.5%	0	0.5%	0	0	55.3%	1:52	41.8	4.26	39.7	8.4%	5107.0	7.1	2.63	0.53	2.59	5.2%	3184.0	57.8%	73.4%	30.1%	53.7%	49.6%	3.2%	1972.0	3.3%	2050.0	2.7	1.02	0.21	7.6%	7.6	6.4	2.85	2.38	0.48	0.59	39.4%	63.6%	1.08	1.04	0.98	0.98	53.1%	390.0	207.0	53.1%	0.51	18.8%	58.8%	240.0	31.5%	107.0	14.1%	133.0	17.5%	55.6%	68.9%	67.1%	72.7%	62.4%	58.6%	55.0%	47.1%	66.9%	50.0%	53.3%	65.2%	63.5%	76.1%	16.0	0.4%	0	32.0
19	Mischa	Zverev	Germany	69.0	31	Grass	25	2018.0	15-10-2018	12.0	0.0	US$4,968,123	0.5%	46.8%	24.3%	35.4%	0	39.0%	0.0	12.4%	15.1%	36.2%	21.1%	10.8%	2.7%	1.1%	50.0%	21.4%	22.6%	23.7%	33.1%	36.3%	313.0	41.2%	129.0	12.0%	74.7%	773.0	44.0%	340.0	2.47	0.94	45.8%	24.0	9.74	47.9%	0.84	76.2%	2.4	0.98	20.0%	7526.0	3604.0	0.86	0.92	2.8	1.15	154.9	62.7	6.44	6.43	6.46	0.95	62.1%	36.3%	1.01	1.23	2.45	2.33	0.98	0.84	0.9	0.93	0.55	36.2%	61.3%	48474.0	23786.0	49.1%	39.0%	0	0	0	41.7%	0	0	0	8.3%	0	0	0	0	50.0%	1:32	37.3	3.83	35.7	6.5%	1574.0	5.0	2.04	0.42	2.32	6.7%	1644.0	64.5%	69.4%	29.2%	48.8%	47.9%	2.8%	677.0	3.6%	874.0	2.2	0.88	0.18	7.9%	6.3	7.2	2.54	2.91	0.6	0.52	38.6%	60.5%	0.98	1.07	1.03	0.97	45.8%	142.0	65.0	45.8%	0.45	18.4%	53.3%	124.0	39.6%	70.0	22.4%	54.0	17.3%	44.4%	47.1%	33.3%	25.0%	52.1%	35.1%	45.3%	0.0%	33.8%	50.9%	46.9%	39.2%	41.5%	41.7%	1.0	0	0	46.0
20	Tomas	Berdych	Czech	71.0	33	Grass	4	2014.0	18-06-2018	16.0	0.0	US$28,931,999	4.0%	67.8%	63.7%	62.2%	31.6%	71.1%	0.0	3.7%	9.0%	20.2%	21.5%	20.2%	14.0%	5.6%	11.8%	20.8%	30.1%	40.3%	55.3%	61.8%	957.0	65.3%	625.0	24.5%	87.7%	2483.0	62.3%	1548.0	2.59	1.05	55.6%	24.9	9.58	54.3%	1.54	84.4%	2.9	1.14	24.0%	23794.0	12930.0	1.2	1.15	1.9	0.75	154.3	60.6	6.32	6.46	6.19	1.14	66.7%	39.2%	1.03	1.27	2.06	2.46	1.04	1.25	1.19	1.04	0.63	38.1%	65.3%	140539.0	73385.0	52.2%	70.4%	0	0	0	16.9%	0	0	0	8.9%	0	0	0	0	72.4%	1:43	40.5	4.23	40.2	10.2%	7047.0	7.7	3.04	0.63	3.15	8.4%	5978.0	58.0%	77.0%	29.2%	52.5%	52.1%	3.2%	2234.0	3.7%	2621.0	2.5	0.96	0.2	7.7%	7.0	5.3	2.75	2.07	0.43	0.58	41.6%	63.7%	1.14	1.09	0.98	0.95	54.2%	404.0	219.0	54.2%	0.42	16.3%	45.5%	263.0	27.5%	74.0	7.7%	189.0	19.8%	57.9%	53.5%	63.6%	71.7%	63.5%	68.1%	66.5%	71.4%	63.4%	69.1%	61.5%	66.2%	65.1%	76.7%	13.0	1.6%	0	30.0
21	Pablo	Cuevas	Uruguay	87.0	32	Clay	19	2016.0	23-07-2018	14.0	0.0	US$7,226,486	3.6%	59.1%	51.5%	44.3%	0	35.6%	0.0	10.1%	20.7%	26.6%	20.7%	11.2%	5.3%	1.8%	0.0%	30.0%	25.0%	31.4%	38.5%	47.0%	360.0	53.1%	191.0	20.5%	82.5%	921.0	52.7%	485.0	2.56	1.01	49.2%	24.9	9.74	50.5%	0.99	79.0%	2.5	1.02	20.8%	8971.0	4532.0	1.05	1.04	2.6	1.03	156.2	62.5	6.38	6.37	6.39	1.01	63.8%	36.8%	1.0	1.24	2.32	2.34	1.01	1.06	1.05	1.07	0.57	36.7%	63.2%	52181.0	26197.0	50.2%	49.3%	0	0	0	28.8%	0	0	0	7.6%	0	0	0	0	30.8%	1:38	39.4	4.03	37.9	7.6%	1987.0	5.9	2.38	0.49	2.16	6.3%	1650.0	60.4%	71.5%	29.2%	51.9%	48.4%	3.5%	919.0	3.4%	897.0	2.8	1.1	0.23	8.9%	6.4	6.6	2.56	2.62	0.54	0.52	39.9%	60.9%	1.02	1.09	1.01	0.95	53.8%	173.0	93.0	53.8%	0.48	18.8%	52.4%	130.0	36.5%	60.0	16.9%	70.0	19.7%	66.7%	50.0%	59.4%	49.2%	43.4%	46.8%	44.7%	50.0%	59.8%	42.9%	54.3%	52.9%	42.4%	48.9%	6.0	0	0	58.0
22	Denis	Istomin	Uzbekistan	90.0	32	Grass	33	2017.0	15-10-2018	14.0	0.0	US$5,515,512	0.9%	50.0%	34.0%	32.1%	0	45.5%	0.0	11.5%	20.4%	34.9%	18.3%	9.8%	3.0%	1.3%	0.0%	9.1%	5.7%	15.1%	32.2%	38.5%	468.0	47.6%	223.0	19.8%	77.4%	1234.0	49.1%	606.0	2.64	0.97	48.6%	25.8	9.78	49.7%	0.92	79.6%	2.4	0.92	18.8%	12071.0	6001.0	0.96	0.99	2.6	1.0	160.3	62.8	6.38	6.4	6.37	0.99	64.1%	35.6%	1.0	1.24	2.28	2.27	1.0	0.96	0.99	1.06	0.53	35.5%	62.4%	68600.0	34179.0	49.8%	55.5%	0	0	0	20.4%	0	0	0	15.0%	0	0	0	0	60.9%	1:38	38.5	3.92	36.8	8.3%	2846.0	6.6	2.6	0.53	3.73	6.9%	2366.0	65.2%	71.0%	27.5%	51.2%	47.7%	2.2%	764.0	3.7%	1276.0	1.8	0.7	0.14	6.4%	6.2	6.7	2.41	2.62	0.53	0.49	38.1%	61.7%	1.0	1.07	1.01	0.96	52.8%	229.0	121.0	52.8%	0.49	18.6%	47.8%	164.0	35.0%	85.0	18.2%	79.0	16.9%	0.0%	13.3%	48.9%	34.0%	43.4%	48.1%	51.8%	0.0%	46.0%	54.2%	47.3%	47.7%	46.4%	38.8%	2.0	0	0	52.0
23	Marcel	Granollers	Spain	94.0	32	Clay	19	2011.0	15-10-2018	13.0	0.0	$9,629,103	1.7%	49.2%	44.2%	36.7%	0	46.1%	0.0	9.2%	22.3%	31.5%	23.1%	8.8%	2.1%	1.3%	0.0%	10.0%	14.6%	22.8%	32.7%	38.9%	432.0	44.9%	194.0	14.3%	77.8%	1084.0	44.9%	487.0	2.51	1.0	53.0%	23.8	9.48	48.3%	0.88	73.8%	2.8	1.1	23.1%	10273.0	4958.0	0.93	0.93	3.1	1.23	151.4	60.4	6.38	6.38	6.39	0.96	61.0%	37.3%	1.01	1.21	2.49	2.4	0.98	0.91	0.91	0.91	0.61	37.7%	60.7%	64941.0	31982.0	49.2%	45.5%	0	0	0	29.6%	0	0	0	18.3%	0	0	0	0	64.7%	1:45	42.0	4.44	41.8	5.3%	1724.0	4.0	1.6	0.34	1.73	4.7%	1539.0	61.0%	68.5%	30.5%	49.2%	48.6%	3.1%	999.0	3.4%	1115.0	2.3	0.93	0.2	7.9%	6.9	7.2	2.75	2.86	0.61	0.58	40.0%	56.9%	0.93	1.06	0.99	0.93	44.8%	143.0	64.0	44.8%	0.33	13.2%	27.3%	170.0	39.4%	74.0	17.1%	96.0	22.2%	50.0%	52.3%	46.4%	51.1%	39.3%	42.1%	32.1%	0	47.8%	40.6%	42.2%	45.4%	42.4%	43.1%	4.0	0	0	45.0
24	Pablo	Andujar	Spain	99.0	32	Clay	32	2011.0	27-05-2018	11.0	0.0	$4,474,496	2.2%	42.8%	46.6%	37.0%	0	33.3%	0.0	11.7%	16.7%	43.9%	15.6%	5.6%	2.2%	2.2%	0.0%	0.0%	16.7%	24.0%	28.7%	36.6%	302.0	41.1%	124.0	12.6%	76.1%	745.0	43.2%	322.0	2.47	0.95	40.9%	23.2	9.39	47.8%	0.85	70.0%	3.0	1.2	25.5%	6997.0	3342.0	0.86	0.9	3.4	1.4	151.8	61.8	6.59	6.56	6.62	0.95	58.7%	39.5%	1.0	1.19	2.73	2.58	0.98	0.84	0.88	0.81	0.65	39.3%	60.2%	45375.0	22217.0	49.0%	33.3%	0	0	0	35.7%	0	0	0	16.7%	0	0	0	0	40.0%	1:42	41.8	4.45	40.5	2.2%	492.0	1.6	0.67	0.14	0.54	6.4%	1453.0	63.3%	64.3%	30.9%	48.8%	51.7%	4.0%	908.0	3.8%	857.0	3.0	1.24	0.27	10.9%	7.4	8.0	3.03	3.25	0.7	0.64	39.8%	57.0%	0.93	1.01	1.0	0.97	39.6%	91.0	36.0	39.6%	0.3	12.2%	22.2%	129.0	42.7%	53.0	17.5%	76.0	25.2%	66.7%	57.7%	37.8%	54.3%	40.5%	18.4%	20.7%	0	50.8%	12.5%	32.1%	42.0%	28.6%	25.0%	4.0	0	0	49.0
25	Ivo	Karlovic	Croatia	102.0	39	Grass	14	2007.0	30-07-2018	19.0	0.0	US$9,202,614	2.5%	58.2%	53.0%	43.2%	0	47.2%	0.0	11.3%	17.8%	28.8%	18.4%	12.2%	5.9%	3.1%	22.2%	18.9%	26.9%	36.8%	43.9%	50.5%	679.0	52.6%	357.0	23.4%	80.6%	1755.0	51.7%	908.0	2.58	1.02	51.3%	27.8	10.75	50.4%	1.08	92.0%	1.2	0.47	8.7%	18861.0	9509.0	1.04	1.03	1.1	0.43	169.2	65.9	6.13	6.17	6.1	1.02	72.6%	27.6%	1.01	1.27	1.67	1.74	1.0	1.05	1.03	0.99	0.31	28.1%	67.9%	111157.0	55868.0	50.3%	46.7%	0	0	0	25.6%	0	0	0	12.0%	0	0	0	0	33.3%	1:43	40.3	3.75	36.7	23.4%	12942.0	19.7	7.68	1.43	5.63	7.2%	4033.0	65.5%	82.7%	21.3%	53.3%	40.3%	4.2%	2299.0	3.5%	1945.0	3.5	1.36	0.25	12.0%	3.9	3.8	1.54	1.49	0.28	0.29	30.3%	71.1%	1.05	1.08	1.0	0.98	50.0%	754.0	377.0	50.0%	1.11	43.0%	51.6%	276.0	40.7%	130.0	19.2%	146.0	21.5%	38.9%	50.0%	53.9%	48.8%	56.0%	53.2%	52.5%	47.1%	42.5%	63.7%	54.9%	52.0%	52.8%	53.5%	8.0	0	0	46.0
26	Guillermo	Garcia Lopez	Spain	105.0	35	Soft	23	2015.0	15-10-2018	16.0	0.0	$8,003,533	1.4%	51.0%	30.4%	41.2%	0	44.4%	0.0	7.4%	19.5%	37.8%	16.9%	12.0%	3.7%	1.1%	16.7%	16.1%	21.0%	27.4%	31.9%	41.9%	636.0	45.8%	291.0	16.6%	78.5%	1618.0	46.2%	747.0	2.54	0.99	50.5%	24.4	9.6	48.9%	0.92	74.3%	2.9	1.14	23.7%	15537.0	7596.0	0.94	0.94	3.1	1.23	159.0	62.6	6.52	6.51	6.53	0.97	60.8%	38.4%	1.01	1.22	2.56	2.48	0.99	0.93	0.93	0.96	0.62	38.1%	62.2%	100828.0	49815.0	49.4%	44.0%	0	0	0	27.4%	0	0	0	23.2%	0	0	0	0	56.3%	1:50	43.6	4.54	41.7	4.6%	2290.0	3.6	1.42	0.3	0.91	6.8%	3438.0	58.7%	69.3%	30.0%	48.8%	50.5%	5.0%	2530.0	3.7%	1859.0	4.0	1.57	0.33	12.2%	7.2	7.5	2.84	2.97	0.62	0.59	40.1%	58.6%	0.97	1.05	1.0	0.96	47.2%	267.0	126.0	47.2%	0.42	16.5%	58.3%	248.0	39.0%	123.0	19.3%	125.0	19.7%	46.7%	53.4%	49.2%	49.6%	41.0%	45.5%	36.1%	25.0%	49.8%	48.3%	40.0%	46.8%	41.9%	41.6%	5.0	100.0%	0	47.0
27	Paolo	Lorenzi	Italy	115.0	36	Clay	33	2016.0	27-08-2018	12.0	0.0	$4,425,015	0.6%	42.5%	30.8%	30.0%	0	28.6%	0.0	15.7%	16.9%	38.0%	18.1%	7.8%	1.2%	1.8%	0.0%	0.0%	0.0%	7.1%	22.5%	29.2%	272.0	37.9%	103.0	15.5%	74.0%	691.0	40.2%	278.0	2.54	0.94	44.4%	24.3	9.55	46.7%	0.76	73.4%	2.4	0.96	20.1%	6598.0	3081.0	0.81	0.86	3.2	1.25	155.5	61.4	6.44	6.41	6.53	0.91	60.5%	36.5%	0.99	1.21	2.58	2.31	0.97	0.78	0.83	0.91	0.56	36.1%	60.6%	41687.0	20166.0	48.4%	29.2%	0	0	0	38.3%	0	0	0	19.1%	0	0	0	0	22.2%	1:48	42.6	4.47	41.7	5.1%	1065.0	4.0	1.57	0.33	1.49	7.0%	1458.0	58.5%	68.7%	28.3%	49.0%	48.1%	3.4%	717.0	3.4%	705.0	2.7	1.06	0.22	8.2%	6.4	7.4	2.52	2.93	0.62	0.53	38.1%	57.1%	0.89	1.05	1.0	0.94	44.0%	109.0	48.0	44.0%	0.4	15.8%	36.4%	79.0	29.0%	25.0	9.2%	54.0	19.9%	33.3%	53.3%	30.9%	41.5%	41.1%	25.0%	37.3%	0	43.4%	20.8%	43.2%	37.0%	34.8%	27.4%	1.0	0	0	53.0
28	Carlos	Berlocq	Argentina	118.0	35	Clay	37	2014.0	27-08-2018	13.0	0.0	$4,023,142	1.1%	48.1%	27.0%	39.5%	0	22.2%	0.0	16.7%	13.4%	37.6%	19.9%	7.5%	3.2%	0.5%	0.0%	0.0%	11.5%	18.2%	28.1%	35.4%	324.0	41.4%	134.0	17.3%	73.4%	811.0	43.0%	349.0	2.5	0.96	41.4%	23.7	9.47	48.2%	0.86	70.7%	2.9	1.19	25.2%	7677.0	3698.0	0.86	0.89	3.4	1.39	151.8	61.5	6.49	6.49	6.5	0.96	59.6%	38.2%	1.0	1.19	2.62	2.51	0.98	0.84	0.88	0.95	0.65	38.6%	59.9%	47197.0	23193.0	49.1%	28.1%	0	0	0	45.5%	0	0	0	21.8%	0	0	0	0	42.9%	1:53	46.0	4.86	44.9	4.2%	993.0	3.2	1.29	0.27	1.28	4.8%	1131.0	64.3%	66.0%	30.9%	48.2%	50.3%	3.3%	775.0	3.7%	874.0	2.5	1.01	0.21	9.2%	7.2	7.9	2.92	3.21	0.68	0.62	40.8%	56.9%	0.95	1.06	1.0	0.95	46.7%	107.0	50.0	46.7%	0.33	13.2%	57.1%	121.0	37.5%	63.0	19.5%	58.0	18.0%	65.0%	50.0%	43.7%	36.5%	36.8%	28.1%	32.1%	0	46.7%	25.0%	38.5%	41.6%	32.6%	30.0%	2.0	100.0%	0	52.0
29	Adrian	Menendez Maceiras	Spain	126.0	33	Hard	111	0.0	17-09-2018	5.0	0.0	$	0	26.7%	0	0.0%	0	25.0%	0.0	20.0%	6.7%	53.3%	13.3%	6.7%	0	0	0	0	0	0	14.3%	14.3%	20.0	25.0%	5.0	15.4%	42.9%	54.0	35.2%	19.0	2.7	0.71	22.2%	26.0	9.61	42.6%	0.49	71.4%	1.9	0.69	14.1%	519.0	221.0	0.59	0.83	3.7	1.35	168.0	62.2	6.47	6.2	6.8	0.81	59.7%	34.1%	0.94	1.2	2.74	2.03	0.91	0.54	0.75	1.29	0.43	32.8%	59.1%	3359.0	1568.0	46.7%	25.0%	0	0	0	50.0%	0	0	0	25.0%	0	0	0	0	0	1:39	37.0	3.85	35.7	5.5%	96.0	4.8	1.78	0.38	2.0	11.1%	181.0	61.0%	66.9%	24.0%	48.5%	46.9%	2.8%	48.0	3.7%	60.0	2.4	0.89	0.19	7.1%	4.8	8.5	1.76	3.15	0.67	0.36	38.9%	57.1%	0.91	1.19	1.08	0.96	60.0%	15.0	9.0	60.0%	0.75	27.8%	66.7%	6.0	30.0%	4.0	20.0%	2.0	10.0%	0	0	0.0%	33.3%	22.2%	50.0%	0.0%	0	0.0%	25.0%	0.0%	27.8%	33.3%	0	0.0	0	0	75.0
30	Marcos	Baghdatis	Cyprus	127.0	33	Fast	8	2006.0	01-10-2018	15.0	0.0	$8,562,354	1.5%	57.3%	54.3%	44.6%	0	55.5%	0.0	8.0%	18.5%	29.8%	20.0%	10.9%	7.6%	3.6%	16.7%	16.3%	29.3%	32.6%	40.5%	51.0%	615.0	56.1%	345.0	22.2%	82.6%	1591.0	56.4%	898.0	2.59	0.99	50.0%	25.2	9.74	51.9%	1.13	79.9%	2.9	1.11	22.7%	15498.0	8046.0	1.08	1.09	2.5	0.98	161.2	62.9	6.43	6.49	6.37	1.04	63.9%	37.8%	1.02	1.25	2.3	2.44	1.03	1.11	1.11	1.09	0.6	37.6%	63.1%	95097.0	48161.0	50.6%	62.0%	0	0	0	11.5%	0	0	0	19.2%	0	0	0	0	60.9%	1:43	40.6	4.15	38.7	9.2%	4310.0	7.3	2.85	0.58	2.24	6.6%	3163.0	53.1%	74.8%	29.5%	51.6%	50.1%	4.1%	1925.0	3.8%	1812.0	3.3	1.27	0.26	8.7%	7.1	6.3	2.76	2.47	0.51	0.56	40.3%	60.3%	1.02	1.07	0.98	0.94	55.1%	276.0	152.0	55.1%	0.45	17.3%	56.7%	218.0	35.5%	116.0	18.9%	102.0	16.6%	22.2%	28.6%	53.7%	56.3%	52.2%	55.6%	60.0%	86.7%	43.2%	58.1%	60.7%	54.8%	57.3%	58.5%	4.0	0	0	43.0
31	David	Ferrer	Spain	128.0	36	Clay	3	2012.0	27-08-2018	17.0	0.0	US$31,230,696	7.0%	65.9%	71.1%	60.8%	36.4%	69.7%	0.0	3.4%	10.4%	24.4%	18.7%	15.8%	12.5%	6.5%	18.5%	20.0%	30.6%	45.6%	55.5%	62.3%	1097.0	66.2%	726.0	29.9%	89.8%	2816.0	62.2%	1751.0	2.57	1.06	63.5%	24.1	9.39	54.8%	1.41	77.6%	3.7	1.47	31.5%	26438.0	14487.0	1.21	1.13	2.7	1.06	155.3	61.0	6.49	6.63	6.37	1.12	62.6%	42.1%	1.03	1.24	2.38	2.78	1.05	1.27	1.19	0.99	0.75	42.0%	63.5%	165123.0	86123.0	52.2%	71.1%	0	0	0	11.8%	0	0	0	11.4%	0	0	0	0	62.2%	1:45	41.3	4.4	40.6	3.6%	2903.0	2.7	1.07	0.23	1.05	5.1%	4266.0	63.0%	68.6%	33.4%	52.4%	54.6%	3.4%	2754.0	3.5%	2964.0	2.6	1.02	0.22	9.1%	8.6	6.7	3.36	2.64	0.56	0.72	43.7%	60.1%	1.09	1.04	0.98	0.96	51.5%	324.0	167.0	51.5%	0.3	11.5%	51.9%	290.0	26.5%	76.0	6.9%	214.0	19.5%	66.1%	66.7%	66.8%	74.0%	60.7%	63.8%	58.1%	45.0%	70.6%	62.9%	58.0%	67.6%	63.6%	79.8%	27.0	1.3%	0	36.0
32	Matthias	Bachinger	Germany	131.0	31	Slow	85	0.0	17-09-2018	10.0	0.0	$	0	43.1%	12.5%	0.0%	0	18.2%	0.0	16.0%	12.0%	38.0%	24.0%	4.0%	4.0%	2.0%	0	0	0.0%	18.2%	23.3%	28.8%	78.0	35.9%	28.0	11.4%	67.6%	200.0	38.0%	76.0	2.56	0.94	50.0%	24.9	9.73	47.3%	0.77	76.1%	2.3	0.89	18.4%	1946.0	921.0	0.76	0.8	3.0	1.17	161.9	63.1	6.49	6.48	6.5	0.93	61.8%	35.5%	0.99	1.23	2.48	2.3	0.97	0.74	0.78	0.79	0.52	35.4%	60.5%	12629.0	6147.0	48.7%	18.2%	0	0	0	54.5%	0	0	0	9.1%	0	0	0	0	0.0%	1:42	39.9	4.1	37.9	8.4%	532.0	6.8	2.66	0.55	2.45	6.3%	395.0	59.0%	71.9%	27.9%	47.1%	47.9%	3.4%	217.0	3.4%	213.0	2.8	1.09	0.22	8.3%	6.7	7.6	2.62	2.95	0.6	0.54	34.0%	60.4%	0.86	0.96	0.99	0.98	38.5%	39.0	15.0	38.5%	0.5	19.5%	33.3%	25.0	32.1%	20.0	25.6%	5.0	6.4%	66.7%	40.0%	28.6%	12.5%	40.0%	35.7%	42.9%	0	37.0%	22.2%	46.2%	30.8%	38.1%	0.0%	0.0	0	0	55.0
33	Gilles	Muller	Luxembourg	136.0	35	Fast	21	2017.0	27-08-2018	19.0	0.0	US$5,937,874	1.0%	54.5%	51.8%	32.6%	0	46.2%	0.0	13.7%	16.2%	29.9%	17.6%	12.3%	6.4%	2.9%	0.0%	13.3%	21.4%	26.3%	34.5%	42.9%	445.0	52.1%	232.0	22.0%	81.1%	1176.0	50.6%	595.0	2.64	1.03	53.1%	26.7	10.1	49.9%	0.88	84.8%	1.7	0.67	13.3%	11883.0	5935.0	1.04	1.01	2.0	0.77	162.2	63.3	6.23	6.16	6.3	0.96	67.2%	32.3%	0.97	1.26	2.06	1.94	1.01	1.05	1.02	1.13	0.42	31.6%	64.3%	65207.0	32386.0	49.7%	55.2%	0	0	0	28.3%	0	0	0	10.6%	0	0	0	0	65.2%	1:42	40.0	3.93	37.9	16.1%	5331.0	13.3	5.18	1.01	3.66	10.1%	3257.0	61.3%	78.0%	23.6%	50.1%	44.8%	4.4%	1457.0	3.8%	1205.0	3.6	1.41	0.28	11.4%	5.0	5.9	1.95	2.31	0.45	0.39	34.4%	66.5%	1.03	1.09	1.04	0.99	55.9%	306.0	171.0	55.9%	0.69	26.0%	64.3%	147.0	33.4%	80.0	18.2%	67.0	15.2%	25.0%	52.6%	48.2%	29.7%	51.8%	57.0%	52.4%	33.3%	45.8%	55.6%	48.8%	52.9%	52.7%	43.4%	2.0	0	0	51.0
34	Julien	Benneteau	France	137.0	36	Carpet	25	2006.0	27-08-2018	18.0	0.0	US$9,441,942	0	50.6%	44.9%	45.8%	0	45.2%	0.0	12.0%	20.5%	32.5%	19.5%	8.6%	3.1%	3.4%	20.0%	25.0%	26.5%	30.5%	36.7%	43.3%	569.0	47.8%	272.0	20.3%	77.7%	1471.0	48.1%	708.0	2.59	0.99	47.3%	24.8	9.59	49.1%	0.93	76.4%	2.7	1.06	22.0%	14112.0	6924.0	0.97	0.98	2.9	1.13	158.6	61.4	6.4	6.38	6.42	0.97	62.0%	38.2%	1.0	1.23	2.44	2.36	0.99	0.97	0.97	1.02	0.59	37.0%	61.8%	89149.0	44134.0	49.5%	44.3%	0	0	0	26.5%	0	0	0	18.6%	0	0	0	0	42.9%	1:48	41.8	4.36	40.9	7.4%	3317.0	5.9	2.28	0.48	1.78	8.9%	3984.0	64.3%	69.4%	28.6%	48.8%	49.8%	4.2%	1868.0	3.5%	1583.0	3.3	1.29	0.27	11.8%	7.0	7.0	2.71	2.73	0.57	0.56	39.0%	58.6%	0.94	1.05	0.99	0.95	50.7%	227.0	115.0	50.7%	0.4	15.4%	51.4%	235.0	41.3%	131.0	23.0%	104.0	18.3%	23.1%	40.0%	50.0%	43.9%	48.7%	48.0%	51.6%	53.8%	41.4%	47.4%	55.2%	45.1%	49.3%	39.9%	0.0	0.3%	0	40.0
35	Sergiy	Stakhovsky	Ukraine	138.0	32	Fast	31	2010.0	15-10-2018	15.0	0.0	US$4,820,477	2.1%	46.2%	36.8%	39.1%	0	40.7%	0.0	11.0%	16.8%	41.4%	20.9%	6.8%	1.0%	100.0%	0.0%	7.7%	8.1%	9.2%	28.4%	37.9%	366.0	44.8%	164.0	14.2%	77.8%	970.0	46.7%	453.0	2.65	0.96	50.0%	25.8	9.74	48.9%	0.84	78.4%	2.3	0.89	18.2%	9449.0	4624.0	0.92	0.95	2.7	1.06	159.7	62.6	6.38	6.33	6.44	0.95	63.1%	35.0%	0.98	1.24	2.38	2.22	0.99	0.91	0.95	1.0	0.52	35.1%	62.0%	52872.0	26022.0	49.2%	49.0%	0	0	0	23.9%	0	0	0	18.5%	0	0	0	0	62.5%	1:37	38.0	3.88	36.5	8.2%	2190.0	6.6	2.59	0.53	2.49	6.3%	1657.0	61.8%	71.6%	27.7%	49.4%	46.8%	3.3%	880.0	3.5%	911.0	2.7	1.04	0.21	8.6%	6.3	6.8	2.46	2.67	0.55	0.5	36.2%	60.5%	0.91	1.03	0.99	0.96	49.4%	168.0	83.0	49.4%	0.46	17.3%	60.0%	127.0	34.9%	72.0	19.8%	55.0	15.1%	0.0%	40.0%	44.0%	33.3%	44.0%	52.6%	39.2%	40.0%	36.9%	49.0%	46.3%	44.3%	46.6%	24.4%	4.0	0	0	55.0
36	Lukas	Rosol	Czech	140.0	33	Clay	26	2014.0	15-10-2018	12.0	0.0	US$3,821,224	1.4%	49.2%	35.7%	33.3%	0	41.0%	0.0	11.0%	19.2%	37.7%	19.2%	8.9%	1.4%	1.4%	0.0%	6.3%	13.3%	21.4%	29.4%	36.6%	270.0	43.7%	118.0	18.1%	78.3%	705.0	44.8%	316.0	2.61	0.98	47.8%	25.5	9.78	47.9%	0.79	78.8%	2.1	0.81	16.7%	6898.0	3307.0	0.91	0.93	2.7	1.03	161.4	62.6	6.41	6.24	6.59	0.92	62.9%	35.3%	0.95	1.25	2.45	2.12	0.98	0.89	0.92	1.06	0.49	34.0%	62.4%	41150.0	20094.0	48.8%	44.0%	0	0	0	30.0%	0	0	0	10.0%	0	0	0	0	46.7%	1:29	34.8	3.56	33.3	8.1%	1709.0	6.7	2.6	0.53	1.98	9.8%	1953.0	58.1%	72.4%	26.2%	49.7%	46.6%	4.1%	862.0	3.3%	660.0	3.4	1.31	0.27	9.7%	5.7	7.2	2.23	2.8	0.57	0.46	36.5%	63.1%	0.99	1.07	1.05	1.0	51.8%	141.0	73.0	51.8%	0.52	20.0%	56.3%	100.0	37.2%	50.0	18.6%	50.0	18.6%	0	75.0%	40.4%	37.8%	42.9%	48.4%	28.6%	0	51.6%	40.0%	40.4%	44.5%	39.6%	30.6%	2.0	0	0	43.0
37	Simone	Bolelli	Italy	147.0	33	Soft	36	0.0	16-07-2018	13.0	0.0	$4,947,417	0	47.9%	30.3%	38.2%	0	43.9%	0.0	11.7%	22.7%	39.0%	16.2%	8.4%	1.3%	0.6%	0.0%	4.0%	4.3%	17.9%	29.1%	37.5%	282.0	42.9%	121.0	11.7%	84.9%	710.0	43.7%	310.0	2.52	0.98	40.6%	24.8	9.83	47.4%	0.75	79.2%	1.9	0.77	15.7%	6981.0	3307.0	0.91	0.92	2.6	1.02	156.7	62.5	6.36	6.3	6.42	0.93	63.7%	35.0%	0.98	1.24	2.33	2.12	0.97	0.88	0.89	1.06	0.46	33.7%	62.9%	41670.0	20355.0	48.8%	40.3%	0	0	0	45.5%	0	0	0	6.1%	0	0	0	0	50.0%	1:39	39.8	4.05	38.3	5.4%	1133.0	4.3	1.7	0.35	2.9	9.6%	1980.0	66.3%	69.2%	25.9%	52.9%	46.1%	1.9%	391.0	3.3%	676.0	1.5	0.59	0.12	5.5%	5.3	6.5	2.1	2.58	0.53	0.43	36.7%	60.5%	0.93	1.09	1.02	0.95	51.7%	149.0	77.0	51.7%	0.53	21.0%	58.3%	91.0	32.4%	61.0	21.7%	30.0	10.7%	42.9%	37.5%	46.3%	41.3%	38.6%	41.7%	46.0%	33.3%	48.7%	51.6%	37.7%	44.1%	36.3%	23.6%	0.0	0	0	37.0
38	Rogerio	Dutra Silva	Brazil	152.0	34	Clay	63	0.0	16-07-2018	10.0	0.0	$1,715,068	0	30.8%	33.3%	0.0%	0	25.0%	0.0	20.3%	11.9%	47.5%	13.6%	6.8%	0	0	0	0.0%	0.0%	6.7%	6.1%	26.2%	93.0	32.3%	30.0	14.0%	61.1%	246.0	35.4%	87.0	2.65	0.91	37.0%	24.8	9.38	45.0%	0.61	70.0%	2.3	0.87	18.3%	2307.0	1039.0	0.72	0.79	3.7	1.4	159.1	60.5	6.42	6.35	6.5	0.88	59.5%	35.8%	1.0	1.18	2.63	2.27	0.95	0.68	0.74	1.19	0.51	35.7%	60.2%	13364.0	6366.0	47.6%	35.7%	0	0	0	52.0%	0	0	0	16.0%	0	0	0	0	80.0%	1:45	40.2	4.26	39.8	4.3%	287.0	3.4	1.3	0.28	1.07	6.9%	458.0	61.0%	66.5%	29.4%	48.7%	46.3%	4.0%	267.0	3.6%	242.0	3.2	1.21	0.26	10.2%	6.4	8.2	2.42	3.13	0.67	0.51	35.9%	55.3%	0.8	1.01	0.98	0.93	56.7%	30.0	17.0	56.7%	0.32	12.2%	66.7%	31.0	33.3%	16.0	17.2%	15.0	16.1%	60.0%	50.0%	25.0%	33.3%	18.2%	30.0%	18.2%	0	36.7%	0.0%	50.0%	31.0%	28.6%	0.0%	0.0	0	0	61.0
39	Luca	Vanni	Italy	164.0	33	Clay	100	0.0	17-09-2018	4.0	0.0	US$397,622	0	25.0%	0	33.3%	0	0.0%	0.0	17.6%	5.9%	64.7%	5.9%	100.0%	100.0%	5.9%	0	0	0.0%	0	16.7%	12.5%	22.0	22.7%	5.0	7.7%	44.4%	56.0	32.1%	18.0	2.55	0.71	33.3%	25.4	9.96	44.3%	0.48	78.7%	1.3	0.52	10.3%	558.0	247.0	0.51	0.73	2.7	1.05	156.7	61.6	6.18	6.02	6.34	0.83	63.6%	30.5%	0.96	1.24	2.3	1.81	0.94	0.48	0.68	1.14	0.34	30.1%	61.2%	3448.0	1626.0	47.2%	0.0%	0	0	0	0	0	0	0	100.0%	0	0	0	0	0	1:35	37.7	3.78	36.7	11.7%	205.0	9.3	3.66	0.74	3.36	7.2%	122.0	57.2%	73.7%	23.9%	50.3%	41.4%	3.5%	61.0	2.5%	43.0	2.8	1.09	0.22	8.1%	4.0	6.1	1.59	2.41	0.49	0.32	32.6%	56.3%	0.75	1.08	0.99	0.88	53.8%	13.0	7.0	53.8%	0.59	23.2%	50.0%	6.0	27.3%	4.0	18.2%	2.0	9.1%	0	0	0.0%	0	20.0%	20.0%	37.5%	0	33.3%	0.0%	37.5%	14.3%	11.1%	0.0%	0.0	0	0	64.0
40	Daniel	Brands	Germany	173.0	31	All-Rounder	51	0.0	25-06-2018	12.0	0.0	$2,077,790	0	42.6%	38.1%	22.2%	0	28.0%	0.0	18.5%	10.9%	38.0%	19.6%	8.7%	4.3%	0	0	60.0%	33.3%	17.9%	25.0%	30.1%	151.0	39.1%	59.0	12.7%	68.1%	386.0	41.5%	160.0	2.56	0.94	40.9%	25.5	9.99	47.1%	0.68	81.8%	1.6	0.62	12.4%	3858.0	1818.0	0.83	0.88	2.3	0.9	160.6	62.8	6.28	6.23	6.34	0.92	65.4%	32.4%	0.99	1.25	2.19	1.97	0.97	0.8	0.85	1.04	0.39	31.7%	63.8%	23928.0	11630.0	48.6%	30.8%	0	0	0	28.0%	0	0	0	24.0%	0	0	0	0	16.7%	1:38	38.4	3.84	36.7	11.0%	1319.0	8.9	3.46	0.7	2.99	10.0%	1193.0	65.9%	72.8%	24.0%	51.2%	45.0%	3.7%	441.0	3.7%	443.0	3.0	1.16	0.23	10.8%	5.0	6.1	1.96	2.38	0.48	0.39	31.8%	62.1%	0.84	1.0	1.0	0.95	50.6%	89.0	45.0	50.6%	0.59	23.1%	55.6%	52.0	34.4%	36.0	23.8%	16.0	10.6%	33.3%	44.4%	41.7%	25.0%	46.2%	22.7%	45.0%	0	38.2%	41.2%	39.5%	38.9%	38.5%	30.0%	0.0	0	0	51.0
41	Daniel	Gimeno Traver	Spain	177.0	33	Clay	48	0.0	30-04-2018	14.0	0.0	$3,186,839	0	38.2%	39.5%	36.4%	0	22.2%	0.0	14.8%	16.0%	41.4%	18.9%	5.3%	3.0%	0.6%	0.0%	0.0%	13.0%	15.9%	24.5%	31.8%	270.0	35.9%	97.0	11.7%	78.6%	664.0	38.0%	252.0	2.46	0.95	40.9%	23.8	9.66	46.5%	0.75	74.1%	2.3	0.94	19.3%	6416.0	2981.0	0.77	0.82	3.0	1.24	152.2	61.9	6.41	6.32	6.49	0.91	61.0%	35.2%	0.99	1.22	2.53	2.25	0.96	0.74	0.79	0.77	0.54	35.6%	61.0%	41095.0	19857.0	48.3%	22.2%	0	0	0	54.3%	0	0	0	14.3%	0	0	0	0	42.9%	1:36	39.0	4.04	37.8	5.9%	1221.0	4.5	1.84	0.38	1.54	5.2%	1062.0	59.0%	69.4%	28.5%	48.7%	47.6%	3.8%	792.0	3.5%	709.0	2.9	1.19	0.25	9.4%	6.3	7.2	2.56	2.94	0.61	0.53	36.7%	57.8%	0.87	1.03	0.99	0.95	37.3%	110.0	41.0	37.3%	0.41	16.6%	8.3%	101.0	37.4%	58.0	21.5%	43.0	15.9%	22.2%	39.3%	32.8%	39.7%	50.0%	21.4%	20.0%	0	42.4%	10.5%	28.6%	36.5%	25.4%	19.0%	0.0	0	0	51.0
42	Horacio	Zeballos	Argentina	179.0	33	Slow	39	2013.0	19-08-2018	10.0	0.0	$4,104,132	0.8%	43.2%	38.5%	37.0%	0	30.3%	0.0	13.6%	17.4%	34.8%	24.2%	6.1%	2.3%	0.8%	0	20.0%	10.0%	14.3%	23.6%	31.4%	223.0	40.4%	90.0	16.0%	75.0%	550.0	41.5%	228.0	2.47	0.97	54.0%	24.6	9.99	47.2%	0.72	79.3%	1.8	0.75	15.0%	5494.0	2595.0	0.85	0.88	2.5	1.03	155.1	62.9	6.3	6.13	6.47	0.88	63.4%	33.3%	0.94	1.25	2.37	1.97	0.98	0.84	0.86	0.93	0.47	32.1%	62.7%	34280.0	16530.0	48.2%	30.3%	0	0	0	34.4%	0	0	0	31.3%	0	0	0	0	50.0%	1:44	42.4	4.24	40.4	7.3%	1280.0	5.8	2.35	0.47	2.33	10.6%	1773.0	62.3%	70.8%	24.0%	51.3%	45.5%	3.1%	550.0	3.6%	594.0	2.5	1.01	0.2	8.3%	5.0	6.7	2.02	2.74	0.55	0.41	36.9%	62.2%	0.98	1.15	1.07	0.98	45.0%	120.0	54.0	45.0%	0.54	21.8%	50.0%	86.0	38.6%	37.0	16.6%	49.0	22.0%	40.0%	37.5%	30.4%	42.9%	53.2%	38.7%	30.4%	0	44.9%	15.4%	37.5%	40.7%	37.3%	21.1%	1.0	0	0	58.0
43	Stephane	Robert	France	192.0	38	None	50	0.0	15-10-2018	10.0	0.0	$2,307,203	0	39.6%	23.1%	27.8%	0	33.3%	0.0	21.6%	27.0%	32.4%	14.9%	100.0%	2.7%	1.4%	0.0%	0.0%	10.0%	15.8%	14.0%	24.4%	112.0	33.9%	38.0	5.8%	79.1%	295.0	37.6%	111.0	2.63	0.9	37.0%	24.7	9.39	45.2%	0.7	69.3%	2.7	1.02	21.5%	2770.0	1252.0	0.75	0.83	3.8	1.43	160.6	61.0	6.49	6.46	6.53	0.9	58.6%	38.2%	1.0	1.18	2.71	2.42	0.94	0.71	0.78	0.99	0.57	37.5%	59.9%	17985.0	8633.0	48.0%	33.3%	0	0	0	39.4%	0	0	0	18.2%	0	0	0	0	40.0%	1:36	36.8	3.92	36.2	4.8%	431.0	3.8	1.46	0.31	0.89	8.3%	751.0	53.1%	69.1%	28.5%	46.6%	51.1%	5.4%	483.0	3.9%	355.0	4.3	1.64	0.35	11.5%	6.7	8.5	2.55	3.22	0.69	0.54	39.8%	55.5%	0.9	1.06	1.01	0.95	47.7%	44.0	21.0	47.7%	0.39	14.9%	0.0%	38.0	33.9%	23.0	20.5%	15.0	13.4%	0.0%	44.4%	27.6%	45.5%	33.3%	36.4%	18.2%	0	31.0%	33.3%	33.3%	34.0%	36.2%	50.0%	0.0	0	0	50.0
44	Nicolas	Mahut	France	195.0	36	Grass	37	2013.0	29-10-2018	19.0	0.0	US$9,465,767	1.8%	51.6%	33.3%	33.3%	0	36.7%	0.0	15.6%	21.0%	31.7%	20.1%	7.1%	1.3%	0.9%	0.0%	10.0%	11.4%	23.8%	31.4%	39.7%	398.0	44.2%	176.0	12.8%	85.5%	1012.0	44.9%	454.0	2.54	0.99	47.7%	25.4	10.0	48.9%	0.89	80.8%	2.2	0.85	17.1%	10119.0	4953.0	0.9	0.92	2.4	0.96	160.0	62.9	6.3	6.26	6.34	0.96	64.3%	35.0%	0.99	1.26	2.26	2.13	0.99	0.9	0.91	0.88	0.5	34.1%	63.6%	63192.0	31151.0	49.3%	36.7%	0	0	0	33.3%	0	0	0	18.7%	0	0	0	0	38.5%	1:41	39.9	3.99	38.0	9.6%	3058.0	7.7	3.04	0.61	2.19	9.3%	2925.0	60.9%	73.3%	26.5%	50.3%	46.1%	4.4%	1395.0	3.7%	1162.0	3.5	1.39	0.28	11.2%	5.6	6.3	2.22	2.47	0.49	0.44	38.4%	61.2%	0.99	1.13	1.02	0.95	43.4%	205.0	89.0	43.4%	0.52	20.3%	47.6%	158.0	39.7%	99.0	24.9%	59.0	14.8%	0.0%	41.2%	43.3%	44.2%	43.9%	49.1%	42.7%	21.4%	28.3%	61.9%	42.6%	44.9%	41.2%	39.0%	4.0	0.4%	0	46.0
45	Blaz	Kavcic	Slovenia	196.0	31	Slow	68	0.0	24-06-2018	11.0	0.0	$1,800,041	0	32.4%	33.3%	0.0%	0	37.5%	0.0	16.0%	16.0%	43.2%	19.8%	4.9%	0	0	0.0%	0.0%	0.0%	0.0%	20.0%	25.0%	145.0	39.3%	57.0	17.9%	68.9%	399.0	43.9%	175.0	2.75	0.9	34.3%	25.9	9.43	47.6%	0.73	67.9%	3.0	1.12	23.4%	3762.0	1790.0	0.83	0.92	4.0	1.51	162.1	61.3	6.45	6.34	6.57	0.91	58.3%	38.8%	0.98	1.16	2.74	2.4	0.99	0.81	0.91	1.08	0.62	38.0%	59.1%	19610.0	9465.0	48.3%	47.2%	0	0	0	23.5%	0	0	0	23.5%	0	0	0	0	33.3%	1:49	41.5	4.37	40.6	5.0%	500.0	4.1	1.56	0.33	1.06	7.9%	764.0	62.9%	65.5%	30.0%	46.1%	49.9%	4.7%	470.0	3.7%	357.0	3.9	1.47	0.31	12.8%	7.1	8.9	2.69	3.35	0.71	0.56	41.6%	54.8%	0.92	1.1	1.01	0.94	52.1%	48.0	25.0	52.1%	0.33	12.0%	33.3%	45.0	31.3%	23.0	16.0%	22.0	15.3%	55.6%	36.4%	23.8%	41.7%	31.6%	22.2%	33.3%	66.7%	42.4%	20.0%	35.0%	40.0%	36.9%	45.0%	0.0	0	0	73.0
46	James	Ward	United	199.0	31	Fast	89	0.0	03-07-2017	11.0	2017.0	$1,294,264	0	28.6%	14.3%	25.0%	0	20.0%	0.0	21.7%	26.1%	39.1%	8.7%	2.2%	2.2%	0	0.0%	0	0.0%	13.3%	22.9%	24.2%	82.0	30.5%	25.0	14.6%	52.9%	240.0	37.1%	89.0	2.93	0.82	30.0%	28.3	9.68	46.4%	0.58	76.0%	1.8	0.67	13.8%	2323.0	1078.0	0.66	0.8	3.1	1.13	166.7	60.7	6.34	6.26	6.43	0.87	61.9%	33.7%	1.0	1.23	2.45	2.08	0.98	0.64	0.78	0.8	0.42	33.1%	61.0%	10502.0	4993.0	47.5%	34.4%	0	0	0	40.6%	0	0	0	15.6%	0	0	0	0	62.5%	1:31	33.1	3.46	32.8	8.3%	436.0	6.9	2.52	0.53	2.19	9.2%	485.0	60.4%	70.5%	25.0%	48.9%	46.9%	3.8%	199.0	3.8%	198.0	3.2	1.15	0.24	9.6%	5.7	7.7	2.07	2.79	0.59	0.43	32.4%	59.3%	0.8	0.98	1.01	0.96	38.2%	34.0	13.0	38.2%	0.41	14.2%	33.3%	19.0	23.5%	16.0	19.8%	3.0	3.7%	0	0.0%	0.0%	0.0%	25.0%	37.5%	21.1%	0	0.0%	31.7%	33.3%	30.4%	33.3%	0.0%	0.0	0	0	61.0
47	Go	Soeda	Japan	202.0	34	Carpet	47	0.0	02-10-2017	13.0	2017.0	$1,756,931	0	39.7%	5.9%	0.0%	0	19.0%	0.0	21.3%	21.3%	37.3%	13.3%	4.0%	2.7%	0	0	0.0%	0.0%	7.7%	12.0%	19.8%	139.0	37.4%	52.0	16.3%	78.7%	373.0	39.4%	147.0	2.68	0.95	45.7%	25.3	9.44	46.8%	0.56	69.9%	2.0	0.8	16.9%	3522.0	1648.0	0.8	0.84	3.5	1.4	149.4	59.8	6.37	6.26	6.51	0.84	58.8%	36.0%	0.97	1.19	2.68	2.16	1.0	0.8	0.84	0.94	0.49	34.6%	59.4%	15834.0	7422.0	46.9%	40.0%	0	0	0	40.9%	0	0	0	13.6%	0	0	0	0	57.1%	1:33	37.4	3.99	37.6	3.7%	299.0	2.8	1.13	0.24	1.05	10.7%	833.0	55.6%	67.2%	26.7%	48.3%	46.7%	3.6%	286.0	3.8%	300.0	2.7	1.08	0.23	8.0%	5.7	7.5	2.26	3.01	0.65	0.48	35.2%	53.4%	0.75	1.02	0.97	0.91	44.2%	52.0	23.0	44.2%	0.37	13.9%	100.0%	32.0	23.4%	17.0	12.4%	15.0	10.9%	0	33.3%	9.5%	25.0%	53.8%	23.1%	16.7%	75.0%	30.8%	23.5%	53.3%	33.0%	35.8%	12.5%	0.0	0	0	76.0
48	Kenny	De Schepper	France	207.0	31	Grass	62	0.0	17-09-2018	8.0	0.0	$1,529,883	0	32.1%	20.0%	0.0%	0	31.6%	0.0	14.8%	16.4%	42.6%	21.3%	4.9%	0	0	0	0.0%	33.3%	21.4%	19.4%	20.7%	87.0	29.9%	26.0	5.2%	79.3%	218.0	33.9%	74.0	2.51	0.88	34.8%	25.0	9.97	45.7%	0.55	81.2%	1.3	0.52	10.4%	2174.0	994.0	0.65	0.74	2.3	0.94	157.8	63.0	6.32	6.15	6.49	0.86	63.9%	30.9%	0.95	1.27	2.34	1.9	0.96	0.63	0.71	0.85	0.34	30.9%	63.6%	13731.0	6565.0	47.8%	31.6%	0	0	0	50.0%	0	0	0	11.1%	0	0	0	0	33.3%	1:29	35.9	3.6	34.2	10.2%	715.0	8.2	3.28	0.66	1.92	6.8%	456.0	66.8%	71.6%	23.7%	48.5%	43.2%	5.3%	373.0	3.0%	200.0	4.3	1.71	0.34	16.0%	4.5	6.9	1.8	2.77	0.56	0.36	28.8%	66.2%	0.85	0.93	1.08	1.04	40.8%	49.0	20.0	40.8%	0.56	22.5%	0.0%	27.0	31.4%	14.0	16.3%	13.0	15.1%	0	50.0%	14.3%	21.1%	33.3%	30.4%	37.5%	0	23.1%	40.0%	32.3%	28.6%	29.3%	0.0%	0.0	0	0	61.0
49	Aleksandr	Nedovyesov	Kazakhstan	211.0	31	All-Rounder	72	0.0	28-09-2015	6.0	2015.0	$848,991	0	14.3%	0.0%	0.0%	0	25.0%	0.0	25.0%	15.0%	55.0%	5.0%	0	0	0	0.0%	0	0.0%	0	20.0%	18.2%	32.0	18.8%	6.0	9.1%	40.0%	92.0	31.5%	29.0	2.88	0.59	11.1%	28.3	9.83	43.1%	0.46	71.6%	1.8	0.64	13.1%	904.0	390.0	0.43	0.73	3.8	1.36	166.1	60.4	6.26	6.14	6.36	0.81	60.0%	31.9%	0.98	1.19	2.55	1.98	0.93	0.41	0.68	1.35	0.41	32.2%	58.6%	4650.0	2152.0	46.3%	28.6%	0	0	0	38.5%	0	0	0	23.1%	0	0	0	0	50.0%	1:37	35.4	3.67	35.1	6.4%	151.0	5.4	1.96	0.41	2.96	5.1%	116.0	66.1%	66.3%	24.9%	47.7%	43.6%	2.2%	51.0	2.8%	65.0	1.8	0.66	0.14	6.4%	5.7	7.9	2.08	2.86	0.59	0.43	30.6%	52.3%	0.64	0.95	0.93	0.87	62.5%	16.0	10.0	62.5%	0.5	17.4%	0.0%	11.0	34.4%	4.0	12.5%	7.0	21.9%	0	0.0%	0.0%	33.3%	0.0%	28.6%	0.0%	0	20.0%	20.0%	0.0%	21.4%	17.6%	0	0.0	0	0	60.0
50	Tommy	Robredo	Spain	216.0	36	Clay	5	2006.0	27-08-2018	20.0	0.0	US$13,233,666	3.3%	64.2%	52.8%	56.7%	33.3%	64.8%	0.0	4.4%	11.3%	28.2%	27.9%	13.8%	7.7%	3.0%	22.2%	16.7%	19.6%	28.0%	43.6%	54.4%	888.0	59.9%	532.0	27.5%	87.8%	2287.0	56.4%	1290.0	2.58	1.06	61.4%	24.6	9.54	51.8%	1.18	78.4%	3.1	1.22	25.5%	21828.0	11309.0	1.16	1.09	2.6	1.03	157.5	61.2	6.42	6.48	6.37	1.05	63.2%	38.3%	1.02	1.24	2.34	2.51	1.02	1.18	1.11	1.09	0.66	38.8%	63.4%	136859.0	69597.0	50.9%	62.9%	0	0	0	25.6%	0	0	0	9.3%	0	0	0	0	77.3%	1:42	39.9	4.19	39.1	4.8%	3228.0	3.7	1.44	0.3	1.59	4.8%	3356.0	64.8%	69.4%	30.8%	51.8%	51.1%	3.0%	2032.0	3.8%	2662.0	2.3	0.91	0.19	8.5%	7.6	6.7	2.95	2.61	0.55	0.62	41.3%	60.8%	1.05	1.06	0.99	0.96	55.2%	335.0	185.0	55.2%	0.38	14.6%	60.5%	272.0	30.7%	81.0	9.1%	191.0	21.6%	70.6%	71.1%	58.1%	66.5%	56.4%	55.6%	47.4%	43.8%	66.5%	54.5%	47.9%	61.8%	55.6%	65.7%	12.0	0.3%	0	44.0
51	Viktor	Troicki	Serbia	220.0	32	All-Rounder	12	2010.0	24-09-2018	13.0	0.0	US$8,437,797	1.2%	56.7%	44.4%	43.1%	0	57.0%	0.0	5.6%	18.3%	35.1%	20.7%	11.2%	5.6%	2.4%	0.0%	6.8%	13.3%	20.1%	38.9%	48.4%	551.0	52.3%	288.0	23.1%	84.7%	1405.0	50.7%	712.0	2.55	1.03	58.1%	24.5	9.6	50.0%	1.01	76.8%	2.8	1.13	23.3%	13486.0	6742.0	1.05	1.01	2.8	1.11	154.8	61.8	6.43	6.45	6.4	1.01	62.6%	37.7%	1.01	1.23	2.4	2.45	1.0	1.04	1.01	1.0	0.62	37.9%	60.5%	81443.0	40836.0	50.1%	57.9%	0	0	0	19.8%	0	0	0	8.9%	0	0	0	0	58.8%	1:38	39.3	4.09	38.2	10.2%	4115.0	7.8	3.12	0.65	3.14	5.4%	2232.0	60.7%	72.5%	30.5%	47.3%	49.3%	3.2%	1309.0	3.5%	1452.0	2.5	0.99	0.21	8.2%	7.0	6.9	2.78	2.76	0.58	0.58	40.4%	59.7%	1.0	1.07	1.0	0.95	50.0%	220.0	110.0	50.0%	0.4	15.7%	58.6%	193.0	35.1%	87.0	15.8%	106.0	19.3%	44.4%	58.3%	55.1%	49.1%	46.8%	47.1%	57.5%	0	50.7%	50.9%	55.6%	51.5%	53.1%	49.3%	3.0	0	0	39.0
52	Tobias	Kamke	Germany	235.0	32	Grass	64	0.0	17-07-2017	10.0	2017.0	$2,271,888	0	41.6%	43.3%	18.2%	0	31.3%	0.0	18.0%	14.0%	33.0%	27.0%	7.0%	1.0%	0	0.0%	0.0%	13.3%	7.1%	16.9%	28.8%	165.0	38.2%	63.0	12.5%	67.5%	420.0	42.1%	177.0	2.55	0.91	28.6%	23.8	9.34	47.6%	0.84	71.1%	2.9	1.14	24.3%	3923.0	1866.0	0.8	0.89	3.4	1.34	154.8	60.8	6.52	6.43	6.61	0.94	58.9%	38.6%	0.98	1.21	2.71	2.47	0.98	0.78	0.86	0.87	0.63	38.4%	60.6%	25070.0	12226.0	48.8%	32.4%	0	0	0	30.3%	0	0	0	24.2%	0	0	0	0	33.3%	1:44	41.0	4.39	40.4	2.6%	329.0	2.0	0.8	0.17	0.6	6.8%	844.0	59.0%	65.5%	29.2%	49.5%	51.9%	4.4%	551.0	4.0%	496.0	3.4	1.34	0.29	10.6%	7.3	7.9	2.86	3.09	0.67	0.61	39.8%	56.6%	0.92	1.04	0.99	0.96	42.3%	52.0	22.0	42.3%	0.32	12.4%	25.0%	51.0	30.9%	33.0	20.0%	18.0	10.9%	0.0%	16.7%	34.4%	52.6%	31.3%	39.3%	36.0%	0	36.4%	45.8%	39.5%	37.7%	37.1%	4.5%	0.0	0	0	51.0
53	Dustin	Brown	Germany	251.0	33	Soft	64	0.0	30-04-2018	10.0	0.0	US$2,746,421	0	41.8%	41.7%	0.0%	0	31.0%	0.0	17.7%	8.3%	38.5%	22.9%	10.4%	2.1%	0	33.3%	11.1%	25.0%	23.3%	23.9%	37.6%	157.0	38.2%	60.0	12.4%	72.1%	413.0	43.3%	179.0	2.63	0.88	35.6%	26.3	9.98	48.0%	0.81	80.2%	2.1	0.8	16.0%	4122.0	1980.0	0.8	0.9	2.6	0.98	166.2	63.4	6.36	6.22	6.52	0.92	63.8%	33.2%	0.96	1.26	2.36	2.07	0.98	0.78	0.89	0.9	0.48	33.2%	63.5%	25931.0	12662.0	48.8%	30.0%	0	0	0	36.7%	0	0	0	20.0%	0	0	0	0	33.3%	1:24	32.0	3.22	30.3	10.4%	1371.0	8.8	3.35	0.68	1.89	8.0%	1014.0	60.7%	73.6%	26.2%	48.7%	45.2%	5.5%	724.0	4.0%	506.0	4.6	1.77	0.36	13.9%	5.7	7.0	2.17	2.66	0.54	0.43	36.9%	63.1%	1.0	1.11	1.05	0.99	43.8%	89.0	39.0	43.8%	0.57	21.5%	40.0%	64.0	40.8%	49.0	31.2%	15.0	9.6%	0	50.0%	32.3%	36.4%	35.3%	42.9%	43.3%	0	40.4%	43.2%	44.0%	37.1%	33.8%	25.0%	0.0	0	0	46.0
54	Dudi	Sela	Israel	260.0	33	Fast	29	0.0	16-07-2018	14.0	0.0	US$3,823,286	0	45.8%	32.1%	39.3%	0	35.9%	0.0	16.6%	17.2%	36.1%	17.8%	8.9%	2.4%	1.2%	0.0%	14.3%	16.7%	16.4%	24.4%	37.1%	331.0	42.3%	140.0	14.4%	76.0%	892.0	44.2%	394.0	2.69	0.96	41.0%	25.4	9.43	48.1%	0.84	71.7%	2.9	1.13	23.9%	8416.0	4045.0	0.88	0.92	3.4	1.33	156.8	60.5	6.42	6.43	6.42	0.96	60.1%	38.6%	1.01	1.19	2.56	2.46	0.98	0.86	0.9	1.0	0.62	38.3%	61.3%	45774.0	22497.0	49.1%	40.2%	0	0	0	30.0%	0	0	0	20.0%	0	0	0	0	50.0%	1:38	37.9	4.02	37.6	3.0%	684.0	2.3	0.9	0.19	0.79	7.1%	1636.0	60.3%	66.5%	30.1%	50.3%	50.7%	3.8%	865.0	3.9%	901.0	3.0	1.14	0.24	9.6%	7.2	7.8	2.79	3.03	0.64	0.59	40.5%	56.1%	0.92	1.06	0.99	0.93	49.2%	118.0	58.0	49.2%	0.36	13.2%	16.7%	126.0	38.1%	64.0	19.3%	62.0	18.7%	0.0%	52.6%	40.3%	39.0%	36.7%	49.3%	36.7%	100.0%	19.0%	48.1%	44.7%	42.0%	44.8%	23.5%	0.0	0	0	57.0
55	Jo	Wilfried Tsonga	France	261.0	33	Fast	5	2011.0	29-10-2018	14.0	0.0	US$20,953,134	7.7%	74.3%	60.3%	61.8%	36.4%	74.5%	0.0	1.4%	5.8%	24.2%	22.2%	19.3%	12.6%	5.8%	23.1%	25.0%	34.7%	42.1%	57.5%	65.2%	632.0	68.2%	431.0	33.8%	88.9%	1687.0	64.2%	1083.0	2.67	1.06	62.7%	26.4	9.9	54.0%	1.59	87.2%	2.6	1.0	20.3%	16701.0	9023.0	1.26	1.19	1.7	0.64	164.0	62.1	6.27	6.35	6.18	1.13	68.3%	36.2%	1.02	1.28	1.96	2.28	1.04	1.31	1.24	1.1	0.57	35.9%	66.2%	99358.0	51634.0	52.0%	73.8%	0	0	0	9.6%	0	0	0	9.0%	0	0	0	0	61.5%	1:44	39.5	3.98	38.1	12.2%	5986.0	9.9	3.74	0.75	4.06	6.4%	3193.0	62.2%	77.6%	28.9%	53.0%	47.3%	3.0%	1473.0	3.2%	1619.0	2.4	0.92	0.18	7.9%	6.7	5.1	2.52	1.93	0.39	0.51	39.8%	67.0%	1.21	1.11	0.99	0.98	57.4%	359.0	206.0	57.4%	0.57	21.3%	56.7%	168.0	26.6%	57.0	9.0%	111.0	17.6%	55.6%	50.0%	67.0%	67.9%	69.6%	69.3%	68.7%	75.0%	64.8%	70.1%	69.7%	67.6%	68.6%	72.7%	16.0	1.0%	0	31.0
56	Andy	Murray	United	262.0	31	Grass	1	2016.0	24-09-2018	14.0	0.0	US$	19.4%	82.6%	77.8%	72.4%	59.3%	81.1%	3.0	1.7%	7.8%	12.1%	17.2%	17.2%	13.4%	9.5%	29.3%	44.4%	55.2%	62.2%	72.6%	76.0%	851.0	77.8%	662.0	41.3%	93.3%	2279.0	71.1%	1621.0	2.68	1.09	68.9%	25.3	9.44	57.2%	1.76	82.0%	4.0	1.49	31.7%	21508.0	12293.0	1.36	1.24	2.3	0.85	162.1	60.9	6.45	6.63	6.28	1.2	65.1%	42.3%	1.05	1.26	2.19	2.79	1.07	1.46	1.34	1.17	0.75	42.0%	64.0%	133220.0	70959.0	53.3%	82.3%	0	0	0	6.5%	0	0	0	7.3%	0	0	0	0	67.6%	1:52	42.2	4.47	41.5	8.6%	5626.0	6.8	2.57	0.54	2.7	5.7%	3882.0	58.1%	74.5%	33.6%	51.9%	55.2%	3.2%	2082.0	3.7%	2508.0	2.5	0.95	0.2	7.6%	9.1	6.0	3.42	2.27	0.48	0.73	43.6%	62.4%	1.16	1.04	0.96	0.96	62.6%	310.0	194.0	62.6%	0.36	13.6%	66.7%	174.0	20.5%	68.0	8.0%	106.0	12.5%	55.0%	52.9%	76.5%	74.2%	80.7%	79.6%	79.1%	72.7%	69.5%	83.6%	77.3%	77.9%	78.7%	92.6%	45.0	1.7%	0	27.0
57	Matteo	Viola	Italy	288.0	31	Hard	118	0.0	11-06-2018	4.0	0.0	$590,450	0	30.0%	25.0%	0.0%	0	0.0%	0.0	8.3%	16.7%	50.0%	16.7%	8.3%	0	0	0	0.0%	0	0.0%	20.0%	21.4%	16.0	25.0%	4.0	9.1%	60.0%	38.0	28.9%	11.0	2.38	0.86	40.0%	20.9	8.82	42.1%	0.62	57.6%	2.7	1.13	26.4%	335.0	141.0	0.59	0.69	4.6	1.92	135.7	57.1	6.48	6.26	6.69	0.83	53.0%	37.9%	0.89	1.09	3.15	2.44	0.91	0.54	0.62	0.0	0.68	39.0%	55.8%	2171.0	1007.0	46.4%	0.0%	0	0	0	100.0%	0	0	0	0	0	0	0	0	0	1:27	36.8	4.18	38.7	2.5%	29.0	1.8	0.76	0.17	0.36	5.5%	56.0	60.9%	60.1%	28.6%	41.8%	52.6%	7.0%	81.0	5.1%	52.0	5.1	2.13	0.47	18.0%	6.6	9.9	2.76	4.18	0.92	0.64	41.0%	54.1%	0.89	1.05	1.05	1.02	0.0%	1.0	0.0	0.0%	0.06	2.6%	0	5.0	31.3%	4.0	25.0%	1.0	6.3%	0	0	20.0%	0.0%	40.0%	0	33.3%	0	0.0%	0.0%	33.3%	20.0%	36.4%	0	0.0	0	0	48.0
58	Florian	Mayer	Germany	293.0	35	Grass	18	2011.0	27-08-2018	15.0	0.0	US$7,224,992	0.8%	48.7%	52.6%	44.0%	0	44.7%	0.0	11.9%	16.6%	35.6%	16.6%	12.6%	3.6%	2.0%	0.0%	20.7%	17.6%	26.7%	34.9%	41.9%	504.0	48.2%	243.0	13.6%	82.6%	1253.0	47.8%	599.0	2.49	1.01	54.5%	23.6	9.47	49.2%	0.95	75.7%	2.7	1.1	23.1%	11871.0	5843.0	0.98	0.97	2.8	1.14	147.7	60.3	6.36	6.33	6.4	0.97	61.7%	37.7%	1.0	1.23	2.45	2.35	1.0	0.98	0.97	0.96	0.62	37.2%	61.0%	71792.0	35498.0	49.4%	45.0%	0	0	0	33.3%	0	0	0	15.1%	0	0	0	0	61.5%	1:29	36.7	3.87	36.5	5.7%	2034.0	4.2	1.71	0.36	2.34	7.4%	2673.0	61.8%	69.0%	29.2%	50.0%	49.6%	2.4%	869.0	3.6%	1301.0	1.8	0.73	0.16	6.3%	6.6	6.7	2.7	2.72	0.58	0.57	41.0%	57.9%	0.97	1.1	1.0	0.94	47.4%	175.0	83.0	47.4%	0.35	14.0%	50.0%	201.0	39.9%	92.0	18.3%	109.0	21.6%	38.9%	49.2%	45.5%	55.1%	50.0%	40.3%	49.3%	42.9%	50.0%	59.4%	40.3%	49.4%	43.5%	33.3%	2.0	0.4%	0	42.0
59	Victor	Estrella	Dominican	320.0	38	Clay	43	2015.0	16-07-2018	17.0	0.0	US$2,118,846	4.3%	49.2%	42.1%	18.2%	0	28.6%	0.0	23.2%	13.0%	39.1%	15.9%	2.9%	1.4%	100.0%	0.0%	0.0%	16.7%	28.6%	28.9%	30.4%	159.0	50.3%	80.0	24.4%	84.1%	448.0	50.4%	226.0	2.82	1.0	54.5%	26.9	9.55	48.8%	0.66	74.0%	2.1	0.83	17.1%	4277.0	2086.0	1.03	1.03	3.1	1.24	151.6	60.8	6.33	6.14	6.53	0.85	60.9%	33.6%	0.95	1.21	2.55	2.05	1.03	1.06	1.06	1.16	0.51	33.4%	61.0%	16527.0	7849.0	47.5%	58.5%	0	0	0	21.7%	0	0	0	13.3%	0	0	0	0	63.6%	1:28	35.6	3.71	35.2	4.6%	390.0	3.6	1.43	0.3	1.43	9.7%	779.0	64.8%	66.9%	24.7%	49.8%	47.0%	3.2%	273.0	4.6%	373.0	2.5	1.0	0.21	9.2%	5.1	7.4	2.06	2.96	0.62	0.43	40.1%	58.0%	0.96	1.2	1.07	0.95	55.1%	69.0	38.0	55.1%	0.43	15.4%	71.4%	48.0	32.2%	26.0	17.4%	22.0	14.8%	0	50.0%	22.2%	31.3%	50.0%	30.4%	57.7%	0	62.9%	23.5%	0.0%	50.6%	43.7%	66.7%	3.0	0	0	119.0
60	Frederico	Gil	Portugal	328.0	33	Clay	62	0.0	09-07-2012	10.0	2012.0	$1,453,933	0	45.9%	37.5%	56.3%	0	17.6%	0.0	19.7%	12.1%	33.3%	22.7%	7.6%	3.0%	1.5%	0.0%	0.0%	11.1%	7.7%	30.6%	33.0%	143.0	46.9%	67.0	18.8%	87.9%	376.0	45.2%	170.0	2.63	1.04	61.9%	24.4	9.29	48.7%	0.79	71.7%	2.6	1.05	22.4%	3493.0	1700.0	0.96	0.93	3.3	1.32	151.7	60.4	6.46	6.36	6.55	0.92	59.4%	37.5%	0.97	1.21	2.66	2.39	1.0	0.96	0.93	0.98	0.6	37.5%	59.7%	17446.0	8480.0	48.6%	45.0%	0	0	0	43.2%	0	0	0	10.8%	0	0	0	0	75.0%	1:47	42.6	4.55	42.3	3.1%	276.0	2.4	0.96	0.2	1.16	6.7%	581.0	64.0%	64.8%	29.7%	49.8%	49.4%	2.7%	238.0	4.1%	352.0	2.1	0.82	0.18	7.5%	6.4	7.9	2.56	3.16	0.68	0.55	40.9%	58.1%	0.98	1.09	1.04	0.98	47.8%	46.0	22.0	47.8%	0.32	12.2%	60.0%	43.0	30.9%	29.0	20.9%	14.0	10.1%	61.5%	58.8%	38.5%	36.8%	50.0%	0.0%	30.0%	50.0%	54.8%	12.5%	42.9%	47.1%	38.8%	25.0%	0.0	0	0	67.0
61	Jurgen	Melzer	Austria	333.0	37	All-Rounder	8	2010.0	22-10-2018	20.0	0.0	US$	1.6%	55.5%	53.3%	42.5%	0	52.7%	0.0	7.7%	21.2%	29.5%	18.3%	13.8%	5.4%	2.6%	50.0%	16.7%	17.8%	26.6%	38.7%	46.8%	683.0	51.1%	349.0	22.4%	78.1%	1807.0	50.3%	909.0	2.65	1.02	53.0%	25.6	9.67	50.0%	1.01	77.6%	2.8	1.1	22.7%	17466.0	8741.0	1.02	1.01	2.8	1.08	159.9	62.2	6.43	6.4	6.46	0.99	62.4%	37.7%	1.0	1.24	2.43	2.37	1.01	1.03	1.01	0.97	0.61	37.1%	62.0%	101208.0	50366.0	49.8%	50.6%	0	0	0	24.7%	0	0	0	13.0%	0	0	0	0	47.2%	1:41	39.5	4.09	38.1	6.7%	3404.0	5.4	2.09	0.43	1.87	7.8%	3942.0	61.4%	69.8%	29.8%	50.6%	48.4%	3.6%	1824.0	3.8%	1901.0	2.9	1.12	0.23	9.3%	7.1	7.0	2.75	2.72	0.56	0.57	39.9%	60.2%	1.0	1.08	1.0	0.96	48.0%	306.0	147.0	48.0%	0.45	16.9%	59.0%	253.0	37.0%	111.0	16.3%	142.0	20.8%	51.6%	58.1%	51.1%	52.7%	53.6%	39.3%	58.1%	40.0%	51.9%	52.7%	52.8%	50.6%	50.9%	47.9%	5.0	100.0%	0	46.0
62	David	Guez	France	342.0	35	Hard	116	0.0	15-02-2016	8.0	2016.0	$	0	8.3%	0	50.0%	0	0.0%	0.0	25.0%	100.0%	68.8%	6.3%	0	0	0	0	0	0.0%	0.0%	9.1%	14.3%	18.0	11.1%	2.0	0.0%	25.0%	47.0	23.4%	11.0	2.61	0.47	0.0%	24.2	9.28	40.6%	0.49	63.3%	2.2	0.83	17.9%	436.0	177.0	0.27	0.58	4.4	1.7	151.2	57.9	6.24	6.1	6.38	0.78	55.6%	36.6%	0.96	1.14	2.83	2.11	0.9	0.25	0.52	1.1	0.52	34.6%	56.4%	2721.0	1234.0	45.4%	0.0%	0	0	0	50.0%	0	0	0	50.0%	0	0	0	0	0	1:47	41.3	4.45	42.8	1.7%	23.0	1.3	0.49	0.11	0.62	10.8%	144.0	57.7%	59.6%	25.7%	50.3%	48.6%	2.7%	37.0	3.0%	40.0	2.1	0.79	0.17	6.3%	5.3	8.7	2.04	3.34	0.72	0.44	40.6%	49.0%	0.8	1.17	1.01	0.88	50.0%	6.0	3.0	50.0%	0.33	12.8%	0	4.0	22.2%	2.0	11.1%	2.0	11.1%	0	0	0.0%	0.0%	0.0%	0.0%	20.0%	0.0%	0.0%	0	16.7%	0.0%	14.3%	0	0.0	0	0	46.0
63	Teymuraz	Gabashvili	Russian	395.0	33	Non-Grass	43	0.0	16-10-2017	14.0	2017.0	$4,008,905	0	37.8%	37.3%	28.2%	0	36.0%	0.0	12.8%	20.9%	38.3%	19.4%	8.2%	0.5%	0	0.0%	18.2%	14.8%	22.9%	28.8%	33.1%	315.0	36.8%	116.0	14.1%	69.2%	807.0	40.4%	326.0	2.56	0.91	39.8%	24.6	9.62	46.9%	0.77	74.2%	2.5	0.96	20.0%	7763.0	3639.0	0.79	0.86	3.1	1.23	158.5	62.0	6.45	6.37	6.54	0.92	60.8%	37.0%	0.99	1.22	2.57	2.29	0.97	0.76	0.83	0.99	0.56	36.0%	61.7%	48664.0	23580.0	48.5%	37.5%	0	0	0	27.8%	0	0	0	18.5%	0	0	0	0	25.0%	1:40	39.3	4.08	38.0	5.7%	1392.0	4.5	1.77	0.37	1.14	8.9%	2154.0	57.2%	70.1%	27.7%	48.4%	49.0%	5.0%	1217.0	3.6%	859.0	4.0	1.55	0.33	11.6%	6.5	7.8	2.53	3.07	0.64	0.52	38.1%	59.9%	0.95	1.06	1.03	0.99	47.9%	117.0	56.0	47.9%	0.37	14.5%	52.9%	123.0	39.0%	69.0	21.9%	54.0	17.1%	30.0%	17.6%	40.0%	40.0%	38.8%	34.0%	30.6%	36.4%	39.0%	27.3%	36.0%	37.1%	36.4%	21.7%	0.0	50.0%	0	51.0
